cdigo,cd_pai,nome,CJF,CNJ,JE1G,JE2G,JEFP,JEJE,JETR,JF1G,JF2G,JFJE,JFTNU,JFTR,JFTRU,JME1,JMETJM,JMU1,JMUSTM,JT1G,JT2G,JTTST,STF,STJ,TEU
2,,PROCESSO CÍVEL E DO TRABALHO ,X,X,X,X,X,X,X,X,X,X,X,X,X,X,X,X,X,X,X,X,X,X,X
5,,SUPERIOR TRIBUNAL DE JUSTIÇA ,,,,,,,,,,,,X,,,,,,,,X,X,X,
7,1107,Procedimento Comum Cível,,,X,X,,,,X,X,,,,,X,,,,,,,,,
22,1107,Procedimento Sumário,,,X,,,,,X,,,,,,X,,,,,,,,,
26,1107,Procedimentos Especiais,X,X,X,X,X,X,X,X,X,X,X,X,X,X,X,X,X,X,X,X,X,X,X
27,26,Procedimentos Especiais de Jurisdição Contenciosa,X,X,X,X,,X,X,X,X,X,,X,X,X,X,,,X,X,X,X,X,
28,27,Anulação e Substituição de Títulos ao Portador,,,X,,,,,X,,,,,,,,,,,,,,,
29,27,Apreensão e Depósito de Coisa Vendida com Reserva de Domínio,,,X,,,,,X,,,,,,,,,,,,,,,
30,27,Arrolamento Comum,,,X,,,,,,,,,,,,,,,,,,,,
31,27,Arrolamento Sumário,,,X,,,,,,,,,,,,,,,,,,,,
32,27,Consignação em Pagamento,,,X,X,,,,X,,,,,,X,X,,,X,,,,,
34,27,Demarcação / Divisão,,,X,,,,,X,,,,,,,,,,,,,,,
35,27,Depósito,,,X,,,,,X,,,,,,,,,,,,,,,
37,27,Embargos de Terceiro Cível,,,X,X,,X,,X,X,,,,,X,X,,,X,X,X,,,
38,27,Habilitação,,,X,X,,,,X,X,,,,,X,X,,,,,,,,
39,27,Inventário,,,X,,,,,,,,,,,,,,,,,,,,
40,27,Monitória,,,X,,,,,X,,,,,,,,,,X,,,,,
41,27,Nunciação de Obra Nova,,,X,,,,,X,,,,,,,,,,,,,,,
44,27,Prestação de Contas - Oferecidas,,,X,,,,,X,,,,,,,,,,X,,,,,
45,27,Ação de Exigir Contas,,,X,,,,,X,,,,,,,,,,X,,,,,
46,27,Restauração de Autos Cível,X,X,X,X,,X,X,X,X,X,,X,X,X,X,,,X,X,X,,X,
47,27,Ação Rescisória,,,,X,,,,,X,,,,,,X,,,,X,X,,,
48,27,Sobrepartilha,,,X,,,,,,,,,,,,,,,,,,,,
49,27,Usucapião,,,X,,,,,X,,,,,,,,,,,,,,,
50,26,Procedimentos Especiais de Jurisdição Voluntária,,,X,X,X,X,X,X,X,,,,,X,X,,,X,X,X,X,X,X
51,50,"Abertura, Registro e Cumprimento de Testamento",,,X,,,,,,,,,,,,,,,,,,,,
52,50,Alienação Judicial de Bens,,,X,,,,,X,,,,,,X,,,,,,,,,
53,50,Arrecadação das Coisas Vagas,,,X,,,,,,,,,,,,,,,,,,,,
54,50,Confirmação de Testamento,,,X,,,,,,,,,,,,,,,,,,,,
55,50,Declaração de Ausência,,,X,,,,,X,,,,,,,,,,,,,,,
56,50,Especialização de Hipoteca Legal,,,X,,,,,X,,,,,,,,,,,,,,,
57,50,Herança Jacente,,,X,,,,,,,,,,,,,,,,,,,,
58,50,Interdição/Curatela,,,X,,,,,,,,,,,,,,,,,,,,
59,50,Organização e Fiscalização de Fundação,,,X,,,,,X,,,,,,,,,,,,,,,
60,50,Separação Consensual,,,X,,,,,,,,,,,,,,,,,,,,
61,50,Tutela e Curatela - Nomeação,,,X,,,,,,,,,,,,,,,,,,,,
62,26,"Procedimentos Regidos por Outros Códigos, Leis Esparsas e Regimentos",,,X,X,X,X,X,X,X,X,X,X,X,X,X,X,X,X,X,X,X,X,X
63,62,Ação Civil Coletiva,,,X,,,,,X,X,,,,,,,,,X,,,,,
64,62,Ação Civil de Improbidade Administrativa,,,X,,,,,X,,,,,,X,,,,,,,,,
65,62,Ação Civil Pública,,,X,X,,,,X,X,,,,,,,,,X,X,,X,X,
66,62,Ação Popular,,,X,X,,,,X,X,,,,,,,,,,,,X,X,
69,62,Alimentos - Lei Especial Nº 5.478/68,,,X,,,,,X,,X,,,,,,,,,,,,,
72,62,Alteração do Regime de Bens,,,X,,,,,,,,,,,,,,,,,,,,
74,62,Alvará Judicial - Lei 6858/80,,,X,,,X,,,,,,,,,,,,X,,,,,
76,62,Apreensão de Embarcações,,,X,,,,,X,,,,,,,,,,,,,,,
77,62,Arribadas Forçadas,,,X,,,,,X,,,,,,,,,,,,,,,
79,62,Regulação de Avaria Grossa,,,X,,,,,X,,,,,,,,,,,,,,,
80,62,Avarias,,,X,,,,,X,,,,,,,,,,,,,,,
81,62,Busca e Apreensão em Alienação Fiduciária,,,X,,,,,X,,,,,,,,,,,,,,,
82,62,Cancelamento de Naturalização,,,,,,,,X,,,,,,,,,,,,,,,
83,175,Cautelar Fiscal,,,X,,,,,X,,,,,,,,,,,,,,,
84,62,Cobrança de Cédula de Crédito Industrial,,,X,,,,,X,,,,,,,,,,,,,,,
85,62,Compromisso Arbitral,,,X,,,,,X,,,,,,,,,,,,,,,
86,62,Consignatória de Aluguéis,,,X,,,,,X,,,,,,,,,,,,,,,
87,62,Conversão de Separação Judicial em Divórcio,,,X,,,,,,,,,,,,,,,,,,,,
88,1198,Correição Parcial ou Reclamação Correicional,X,,,X,,,,,X,,,,,X,X,X,,,X,X,,,
89,62,Depósito da Lei 8. 866/94,,,X,,,,,X,,,,,,,,,,,,,,,
90,62,Desapropriação,,,X,,,,,X,,,,,,,,,,,,,,,
91,62,Desapropriação Imóvel Rural por Interesse Social,,,X,,,,,X,,,,,,,,,,,,,,,
92,62,Despejo,,,X,,,X,,X,,,,,,,,,,,,,,,
93,62,Despejo por Falta de Pagamento,,,X,,,,,X,,,,,,,,,,,,,,,
94,62,Despejo por Falta de Pagamento Cumulado Com Cobrança,,,X,,,,,X,,,,,,,,,,,,,,,
95,62,Direta de Inconstitucionalidade,,,,X,,,,,,,,,,,,,,,,,,,
96,62,Discriminatória,,,X,,,,,X,,,,,,,,,,,,,,,
97,62,Dissolução e Liquidação de Sociedade,,,X,,,,,X,,,,,,,,,,,,,,,
98,62,Divórcio Consensual,,,X,,,,,,,,,,,,,,,,,,,,
99,62,Divórcio Litigioso,,,X,,,,,,,,,,,,,,,,,,,,
100,62,Dúvida,,,X,,,,,X,,,,,,,,,,,,,,,
107,62,Expropriação da Lei 8.257/91,,,,,,,,X,,,,,,,,,,,,,,,
108,62,"Falência de Empresários, Sociedades Empresáriais, Microempresas e Empresas de Pequeno Porte",,,X,,,,,,,,,,,,,,,,,,,,
110,62,Habeas Data Cível,,,X,X,,,,X,X,,,,,X,X,X,X,X,X,X,,,
111,62,Habilitação de Crédito,,,X,,,,,,,,,,,,,,,,,,,,
112,62,Homologação de Transação Extrajudicial,,,X,,,X,,X,,,,,,,,,,X,,,,,
113,62,Imissão na Posse,,,X,,,,,X,,,,,,,,,,,,,,,
114,62,Impugnação de Crédito,,,X,,,,,,,,,,,,,,,,,,,,
115,62,Inquérito Extrajudicial,,,X,,,,,,,,,,,,,,,,,,,,
118,62,Mandado de Injunção,,,X,X,,,,,,,,,,,X,,,,,,,,
119,62,Mandado de Segurança Coletivo,,,X,X,,,,X,X,,,,,,,,,X,X,X,,,
120,62,Mandado de Segurança Cível,,,X,X,,,X,X,X,,X,X,X,X,X,,,X,X,X,,,
121,62,Naturalização,,,X,,,,,X,,,,,,,,,,,,,,,
122,62,Opção de Nacionalidade,,,,,,,,X,,,,,,,,,,,,,,,
123,62,Averiguação de Paternidade,,,X,,,,,,,,,,,,,,,,,,,,
124,62,Pedido de Resposta ou Retificação da Lei de Imprensa,,,X,,,,,X,,,,,,,,,,,,,,,
127,62,Protesto Formado a Bordo,,,X,,,,,X,,,,,,,,,,,,,,,
128,62,Recuperação Extrajudicial,,,X,,,,,,,,,,,,,,,,,,,,
129,62,Recuperação Judicial,,,X,,,,,,,,,,,,,,,,,,,,
134,62,Registro Torrens,,,X,,,,,,,,,,,,,,,,,,,,
135,62,Relatório Falimentar,,,X,,,,,,,,,,,,,,,,,,,,
136,62,Remição do Imóvel Hipotecado,,,X,,,,,X,,,,,,,,,,,,,,,
137,62,Renovatória de Locação,,,X,,,,,X,,,,,,,,,,,,,,,
138,62,Restituição de Coisa ou Dinheiro na Falência do Devedor Empresário,,,X,,,,,,,,,,,,,,,,,,,,
140,62,Revisional de Aluguel,,,X,,,,,X,,,,,,,,,,,,,,,
141,62,Separação Litigiosa,,,X,,,,,,,,,,,,,,,,,,,,
142,62,Sonegados,,,X,,,,,,,,,,,,,,,,,,,,
143,62,Suprimento de Idade e/ou Consentimento,,,X,,,,,,,,,,,,,,,,,,,,
144,62,Suspensão de Liminar ou Antecipação de Tutela,,,,X,,,,,X,,,,,,X,,,,X,,,,
145,62,Suspensão de Execução de Sentença,,,,X,,,,,X,,,,,,X,,,,,,,,
150,1106,Procedimento de Liquidação,,,X,X,,,,X,X,,,,,X,X,,,,,,,,
151,150,Liquidação por Arbitramento,,,X,X,,,,X,X,,,,,X,X,,,,,,,,
152,150,Liquidação de Sentença pelo Procedimento Comum,,,X,X,,,,X,X,,,,,X,X,,,,,,,,
153,150,Liquidação Provisória por Arbitramento,,,X,X,,,,X,X,,,,,X,X,,,,,,,,
154,150,Liquidação Provisória de Sentença pelo Procedimento Comum,,,X,X,,,,X,X,,,,,X,X,,,,,,,,
155,1106,Procedimento de Cumprimento de Sentença/Decisão,,,X,X,X,X,,X,X,X,,,,X,X,,,X,X,X,,,
156,155,Cumprimento de sentença,,,X,X,X,X,,X,X,X,,,,X,X,,,X,X,X,,,
157,155,Cumprimento Provisório de Sentença,,,X,X,X,X,,X,X,,,,,X,X,,,X,X,X,,,
158,2,Processo de Execução,,,X,X,X,X,X,X,X,X,,,,X,X,,,X,X,X,,,
159,158,Execução de Título Extrajudicial,,,X,X,X,X,,X,X,X,,,,,,,,,,,,,
165,158,Insolvência Civil,,,X,,,,,,,,,,,,,,,,,,,,
166,165,Insolvência Requerida pelo Credor,,,X,,,,,,,,,,,,,,,,,,,,
167,165,Insolvência Requerida pelo Devedor ou pelo Espólio,,,X,,,,,,,,,,,,,,,,,,,,
169,158,Embargos,,,X,X,,X,,X,X,,,,,X,X,,,X,,,,,
170,169,Embargos à Adjudicação,,,X,X,,,,X,X,,,,,,,,,X,,,,,
171,169,Embargos à Arrematação,,,X,X,,,,X,X,,,,,,,,,X,,,,,
172,169,Embargos à Execução,,,X,X,,,,X,X,,,,,X,X,,,X,,,,,
173,169,Embargos de Retenção por Benfeitorias,,,X,,,X,,X,,,,,,,,,,,,,,,
175,2,Processo Cautelar,,,X,X,,X,X,X,X,X,,,,X,X,,,X,X,X,,,
176,175,Alimentos - Provisionais,,,X,,,,,X,X,,,,,,,,,,,,,,
177,175,Apreensão de Títulos,,,X,,,,,X,,,,,,,,,,,,,,,
178,175,Arresto ,,,X,X,,,,X,X,,,,,X,X,,,X,X,X,,,
179,175,Arrolamento de Bens,,,X,X,,,,X,,,,,,,,,,,,,,,
180,175,Atentado,,,X,X,,,,X,X,,,,,,,,,X,X,X,,,
181,175,Busca e Apreensão,,,X,X,,,,X,X,,,,,X,X,,,X,X,X,,,
182,175,Caução,,,X,X,,,,X,,,,,,,,,,X,X,X,,,
183,175,Cautelar Inominada,,,X,X,,,X,X,X,,,,,X,X,,,X,X,X,,,
186,175,Exibição,,,X,X,,,,X,X,,,,,X,X,,,X,X,X,,,
188,175,Homologação do Penhor Legal,,,X,,,,,X,,,,,,,,,,,,,,,
190,175,Justificação,,,X,X,,X,,X,,X,,,,X,X,,,X,X,X,,,
191,175,Protesto,,,X,X,,,,X,X,,,,,X,X,,,X,X,X,,,
192,175,Posse em Nome do Nascituro,,,X,,,,,X,X,,,,,,,,,,,,,,
193,175,Produção Antecipada da Prova,,,X,X,,,,X,X,,,,,X,X,,,X,X,X,,,
194,175,Regulamentação de Visitas,,,X,,,,,,,,,,,,,,,,,,,,
195,175,Separação de Corpos,,,X,X,,,,,,,,,,,,,,,,,,,
196,175,Seqüestro,,,X,X,,,,X,X,,,,,X,X,,,X,X,X,,,
197,2,Recursos,X,,X,X,X,X,X,X,X,X,X,X,X,X,X,,X,X,X,X,X,X,X
198,197,Apelação Cível,,,,X,,,,,X,,,,,,X,,,,,,,,
199,197,Remessa Necessária Cível,,,,X,,,,,X,,,,,,X,,,,,,,,
200,197,Agravos,,,,X,,,X,,X,,X,X,X,,X,,X,,X,X,,X,X
202,200,Agravo de Instrumento,,,,X,,,X,,X,,,X,,,X,,,,,,,,
204,200,Agravo de Instrumento em Recurso Extraordinário,,,,X,,,X,,X,,,,X,,X,,,,X,X,,,
206,200,Agravo Regimental Cível,,,,X,,,X,,X,,X,X,X,,X,,,,,,,X,X
207,197,Embargos,,,X,X,X,X,X,X,X,X,,X,X,X,X,,,X,X,X,X,X,X
208,207,Embargos Infringentes,,,,X,,,,,X,,,,,,X,,,,,,,,
210,207,Embargos Infringentes na Execução Fiscal,,,X,,,,,X,,,,,,,,,,X,,,,,
212,197,Recurso Extraordinário,,,,,,,,,,,,,,,,,,,,,X,,
213,197,Recurso Especial,,,,,,,,,,,,,,,,,,,,,,X,
214,2,Outros Procedimentos,X,X,X,X,X,X,X,X,X,X,X,X,X,X,X,X,X,X,X,X,X,X,X
215,214,Incidentes,X,,X,X,X,X,X,X,X,X,X,X,X,X,X,X,X,X,X,X,X,X,X
216,215,Incidente De Arguição de Inconstitucionalidade Cível,,,,X,,,,,X,,,,,,X,,,,X,X,,X,
218,215,Assistência Judiciária,,,X,X,,X,X,X,X,,,,,X,X,,,,,,,,
221,215,Conflito de competência cível,,,,X,,,X,,X,,,X,,,X,,,,X,X,,,
224,215,Exceções,X,,X,X,X,X,X,X,X,X,,X,X,X,X,,,X,X,X,,,
228,215,Exibição de Documento ou Coisa Cível,,,X,X,,,,X,X,,,,,X,X,,,,,,,,
229,155,Impugnação ao Cumprimento de Sentença,,,X,X,,,,X,X,,,,,X,X,,,,,,,,
230,215,Impugnação ao Pedido de Assistência Litisconsorcial ou Simples,,,X,X,,,,X,X,,,,,X,X,,,,,,,,
231,215,Impugnação ao Valor da Causa Cível,,,X,X,,,,X,X,,,,,X,X,,,X,X,X,,X,
232,215,Incidente de Falsidade,,,X,X,,,,X,X,,,,,X,X,,,X,X,X,,X,
233,215,Incidente de Uniformização de Jurisprudência,,,,X,,,,,X,,,,,,X,,,,X,X,,X,
234,215,Remoção de Inventariante,,,X,,,,,,,,,,,,,,,,,,,,
236,215,Oposição,,,X,X,,,,X,X,,,,,,,,,X,X,X,,,
237,214,Atos e expedientes,,X,X,X,X,X,X,X,X,X,,X,X,X,X,,,X,X,X,,,
238,237,Avocatória,,X,,X,,,,,X,,,,,,X,,,,,,,,
239,237,Habilitação para Casamento,,,X,,,,,,,,,,,,,,,,,,,,
240,237,Instrução de Rescisória,,,X,,,,,,,,,,,X,X,,,,,,,,
241,237,Petição Cível,,,X,X,X,X,X,X,X,X,,X,X,X,X,,,X,X,X,,,
242,237,Comunicação,,,,X,,,,,X,,,,,,,,,,,,,,
244,62,Reclamação,,,,X,,,X,,X,,,X,,,X,,,,,,,,
251,237,Registro de Casamento Nuncupativo,,,X,,,,,,,,,,,,,,,,,,,,
256,1198,Representação por Excesso de Prazo,,X,,X,,,,,X,,,,,,X,,X,,X,X,X,X,
257,214,Cartas,,,X,X,X,X,X,X,X,X,,,,X,X,,,X,X,X,,,
258,257,Carta de Ordem Cível,,,X,X,X,X,X,X,X,,,,,X,X,,,X,X,,,,
261,257,Carta Precatória Cível,,,X,X,X,X,X,X,X,X,,,,X,X,,,X,X,,,,
264,257,Carta Rogatória Cível,,,,,,,,X,,,,,,X,X,,,X,X,X,,,
268,,PROCESSO CRIMINAL ,X,,X,X,,X,X,X,X,X,X,X,X,X,X,X,X,,X,,X,X,X
269,268,Medidas Preparatórias,,,X,X,,X,,X,X,,,,,X,X,X,X,,,,,,
270,269,Notícia-Crime,,,X,X,,X,,X,X,,,,,,,,,,,,,,
271,277,Representação Criminal,,,X,X,,X,,X,X,,,,,X,X,X,X,,,,,,
272,271,Representação Criminal/Notícia de Crime,,,X,X,,X,,X,X,,,,,X,X,X,X,,,,,,
273,271,Pedido de Arquivamento em Representação Criminal,,,X,X,,X,,X,X,,,,,,,,,,,,,,
274,269,Interpelações,,,X,X,,X,,X,X,,,,,X,X,X,X,,,,,,
275,274,Notificação para Explicações,,,X,X,,X,,X,X,,,,,X,X,X,X,,,,,,
276,274,Notificação para Explicações (Lei de Imprensa),,,X,X,,,,X,X,,,,,,,,,,,,,,
277,268,Procedimentos Investigatórios,,,X,X,,X,,X,X,X,,,,X,X,X,X,,,,X,X,
278,277,Termo Circunstanciado,,,X,X,,X,,,X,X,,,,X,X,X,X,,,,,,
279,277,Inquérito Policial,,,X,X,,X,,X,X,,,,,X,X,X,X,,,,,,
280,277,Auto de Prisão em Flagrante,,,X,X,,X,,X,X,,,,,X,X,X,X,,,,,,
281,268,Procedimento Comum,,,X,X,,X,,X,X,X,,,,,,,,,,,X,,
282,281,Ação Penal de Competência do Júri,,,X,X,,,,X,,,,,,,,,,,,,X,,
283,281,Ação Penal - Procedimento Ordinário,,,X,X,,,,X,X,,,,,,,,,,,,,,
284,268,Processo Especial,,,X,X,,X,X,X,X,X,X,X,X,X,X,X,X,,X,,X,X,X
285,284,Processo Especial do Código de Processo Penal,,,X,X,,X,X,X,X,X,X,X,X,X,X,X,X,,X,,,,
287,285,Crimes de Responsabilidade dos Funcionários Públicos,,,X,X,,X,,X,,,,,,,,,,,,,,,
288,285,"Crimes de Calúnia, Injúria e Difamação de Competência do Juiz Singular",,,X,X,,X,,X,,X,,,,,,,,,,,,,
289,285,Crimes Contra a Propriedade Imaterial,,,X,X,,X,,X,,,,,,,,,,,,,,,
290,285,Processo Sumário (Detenção),,,X,X,,,,X,,,,,,,,,,,,,,,
291,285,Restauração de Autos Criminal,,,X,X,,X,X,X,X,X,X,X,X,X,X,X,X,,,,,,
292,284,Processo Especial de Leis Esparsas,,,X,X,,X,X,X,X,X,X,X,X,X,X,X,X,,,,X,X,X
293,292,Crimes Ambientais,,,X,X,,X,,X,X,X,,,,,,X,X,,,,,,
294,292,Crimes Contra a Propriedade Industrial,,,X,X,,X,,,,,,,,,,,,,,,,,
295,292,Crimes Contra a Propriedade Intelectual,,,X,X,,X,,,,,,,,,,,,,,,,,
297,292,Crimes de Imprensa,,,X,X,,X,,X,,,,,,,,,,,,,,,
299,292,Procedimento do Juizado Especial Criminal - Sumariíssimo,,,,,,X,,,,X,,,,,,,,,,,,,
300,292,Procedimento Especial da Lei Antitóxicos,,,X,X,,X,,X,,,,,,,,,,,,,,,
302,292,Procedimento Especial dos Crimes de Abuso de Autoridade,,,X,X,,X,,,,X,,,,,,,,,,,,,
303,268,Medidas Garantidoras,,,X,X,,X,X,X,X,X,,X,,X,X,X,X,,,,,,
304,303,Liberdade,,,X,X,,X,,X,X,,,,,X,X,X,X,,,,,,
305,304,Liberdade Provisória com ou sem fiança,,,X,X,,X,,X,X,,,,,X,X,X,X,,,,,,
306,304,Relaxamento de Prisão,,,X,X,,X,,,,,,,,X,X,X,X,,,,,,
307,303,Habeas Corpus Criminal,,,X,X,,X,X,X,X,X,,X,,X,X,X,X,,,,,,
308,268,Medidas Cautelares,,,X,X,,X,X,X,X,X,,X,,X,X,X,X,,,,X,X,
309,308,Pedido de Busca e Apreensão Criminal,,,X,X,,X,,X,X,,,,,X,X,X,X,,,,,,
310,308,Pedido de Quebra de Sigilo de Dados e/ou Telefônico,,,X,X,,X,,X,X,X,,,,X,X,X,X,,,,X,X,
311,308,Medidas Investigatórias Sobre Organizações Criminosas,,,X,X,,,,X,,,,,,X,X,X,X,,,,,,
312,308,Pedido de Prisão,,,X,X,,X,,X,X,,,,,X,X,X,X,,,,,,
313,312,Pedido de Prisão Preventiva,,,X,X,,X,,X,X,,,,,X,X,X,X,,,,,,
314,312,Pedido de Prisão Temporária,,,X,X,,,,X,X,,,,,X,X,X,X,,,,,,
315,312,Pedido de Prisão/ Liberdade Vigiada para Fins de Expulsão,,,,,,,,X,,,,,,,,,,,,,,,
316,268,Questões e Processos Incidentes,X,,X,X,,X,X,X,X,X,X,X,X,X,X,X,X,,,,X,X,X
317,316,Exceções,,,X,X,,X,X,X,X,,,,,X,X,X,X,,,,,,
318,317,Exceção de Suspeição,,,X,X,,X,X,X,X,,,,,X,X,X,X,,,,,,
319,317,Exceção de Incompetência de Juízo,,,X,X,,X,X,X,X,,,,,X,X,X,X,,,,,,
320,317,Exceção de Litispendência,,,X,X,,X,X,X,X,,,,,X,X,X,X,,,,,,
321,317,Exceção de Ilegitimidade de Parte,,,X,X,,X,X,X,X,,,,,,,,,,,,,,
322,317,Exceção de Coisa Julgada,,,X,X,,X,X,X,X,,,,,X,X,X,X,,,,,,
323,317,Exceção de Impedimento,,,X,X,,X,X,X,X,,,,,X,X,X,X,,,,,,
324,317,Exceção da Verdade,,,X,X,,X,X,X,X,,,,,X,X,X,X,,,,,,
325,331,Conflito de Jurisdição,,,,X,,,X,,X,,,X,,,X,,X,,,,,,
326,316,Restituição de Coisas Apreendidas,,,X,X,,X,X,X,X,,,,,X,X,X,X,,,,X,X,
327,316,Embargos de Terceiro Criminal,,,X,X,,X,,X,X,,,,,X,X,X,X,,,,,,
328,316,Medidas Assecuratórias,,,X,X,,,,X,X,,,,,X,X,X,X,,,,,,
329,328,Seqüestro,,,X,X,,,,X,X,,,,,X,X,X,X,,,,,,
330,328,Arresto / Hipoteca Legal,,,X,X,,,,X,X,,,,,X,X,X,X,,,,,,
331,316,Incidentes,X,,X,X,,X,X,X,X,X,X,X,X,X,X,X,X,,,,X,X,X
332,331,Incidente de Falsidade,,,X,X,,,,X,X,,,,,X,X,X,X,,,,,,
333,331,Insanidade Mental do Acusado,,,X,X,,,,X,X,,,,,X,X,X,X,,,,,,
334,268,Cartas,,,X,X,,X,X,X,X,X,,,,X,X,X,X,,,,,,
335,334,Carta de Ordem Criminal,,,X,X,,X,X,X,X,,,,,X,X,X,X,,,,,,
355,334,Carta Precatória Criminal,,,X,X,,X,X,X,X,X,,,,X,X,X,,,,,,,
375,334,Carta Rogatória Criminal,,,,,,,,X,,,,,,,,,,,,,,,
385,,EXECUÇÃO PENAL E DE MEDIDAS ALTERNATIVAS ,,,X,X,,X,X,X,X,X,,X,,X,X,X,X,,,,X,X,
386,385,Execução da Pena,,,X,X,,X,,X,X,X,,,,X,X,X,X,,,,,,
406,385,Incidentes,,,X,X,,,,X,X,X,,,,X,X,X,X,,,,,,
407,406,Conversão de Pena,,,X,X,,,,X,X,,,,,X,X,X,X,,,,,,
408,406,Excesso ou Desvio,,,X,X,,,,X,X,,,,,X,X,X,X,,,,,,
409,406,Anistia,,,X,X,,,,X,X,,,,,X,X,X,X,,,,,,
410,406,Indulto,,,X,X,,,,X,X,,,,,X,X,X,X,,,,,,
411,406,Comutação de Pena,,,X,X,,,,X,X,,,,,X,X,X,X,,,,,,
412,268,Recursos,,,X,X,,X,X,X,X,,X,X,X,X,X,X,X,,,,,X,X
413,412,Agravo de Execução Penal,,,X,X,,,,X,X,,,,,X,X,X,,,,,,,
416,412,Apelação em Mandado de Segurança,,,,X,,,,,X,,,,,,,,,,,,,,
417,412,Apelação Criminal,,,,X,,,X,,X,,,X,,,X,,X,,,,,,
418,412,Carta Testemunhável,,,X,X,,,X,X,X,,,X,,X,X,,,,,,,,
419,412,Correição Parcial Criminal,,,,X,,,X,,X,,,X,,,,,X,,,,,,
420,412,Embargos de Declaração Criminal,,,X,X,,X,X,,,,,X,,X,X,X,X,,,,,,
421,412,Embargos Infringentes e de Nulidade,,,,X,,,,,X,,,,,,X,,X,,,,,,
422,412,Protesto por Novo Júri,,,X,,,,,,,,,,,,,,,,,,,,
424,412,Recurso de Medida Cautelar Criminal,,,,,,,,,,,,,,,,,X,,,,,,
425,412,Recurso de Sentença Criminal,,,,,,,X,,,,,X,,,,,,,,,,,
426,412,Recurso em Sentido Estrito,,,X,X,,,,X,X,,,,,X,X,X,X,,,,,,
427,412,Remessa Necessária Criminal,,,,X,,,X,,X,,,X,,,X,,X,,,,,,
428,412,Revisão Criminal,,,,X,,,X,,X,,,X,,,X,,X,,,,,,
432,331,Desaforamento de Julgamento,,,,X,,,,,X,,,,,,X,,X,,,,,,
433,331,Incidente de Uniformização de Jurisprudência,X,,,X,,,,,X,,X,,X,,X,,,,,,,X,
436,1107,Procedimento do Juizado Especial Cível,,,,,X,X,,,,X,,,,,,,,,,,,,
457,215,Pedido de Uniformização de Interpretação de Lei Cível,X,,,,,,,,,,X,X,X,,,,,,,,,,X
460,197,Recurso Inominado Cível,,,,,,,X,,,,,X,,,,,,,,,,,
547,,PROCEDIMENTOS DE INFÂNCIA E JUVENTUDE ,,,X,X,,,,X,X,,,,,,,,,,,,X,X,
976,1067,Ação Anulatória de Cláusulas Convencionais,,,,,,,,,,,,,,,,,,,X,X,,,
980,1067,Ação de Cumprimento,,,,,,,,,,,,,,,,,,X,,X,,,
985,1067,Ação Trabalhista - Rito Ordinário,,,,,,,,,,,,,,,,,,X,X,X,,,
986,1067,Inquérito para Apuração de Falta Grave,,,,,,,,,,,,,,,,,,X,,,,,
987,1067,Dissídio Coletivo,,,X,X,,,,,,,,,,,,,,,X,X,,,
988,1067,Dissídio Coletivo de Greve,,,,X,,,,,X,,,,,,,,,,X,X,,,
990,1068,Execução de Título Extrajudicial,,,,,,,,,,,,,,,,,,X,,,,,
991,1068,Execução de Termo de Ajuste de Conduta,,,,,,,,,,,,,,,,,,X,,,,,
992,1068,Execução de Termo de Conciliação de CCP,,,,,,,,,,,,,,,,,,X,,,,,
993,1068,Execução de Certidão de Crédito Judicial,,,,,,,,,,,,,,,,,,X,,,,,
994,1068,Execução Provisória em Autos Suplementares,,,,,,,,,,,,,,,,,,X,X,X,,,
1000,1209,Agravo,,,,,,,,,,,,,,,,,,,X,X,,,
1001,1209,Agravo de Instrumento em Agravo de Petição,,,,,,,,,X,,,,,,,,,X,X,,,,
1002,1209,Agravo de Instrumento em Recurso de Revista,,,,,,,,,,,,,,,,,,,X,X,,,
1003,1209,Agravo de Instrumento em Recurso Ordinário,,,,,,,,,,,,,,,,,,X,X,X,,,
1004,1209,Agravo de Petição,,,,,,,,,X,,,,,,,,,,X,X,,,
1005,1209,Agravo Regimental Trabalhista,,,,,,,,,,,,,,,,,,,X,,,,
1006,1071,Embargos,,,,,,,,,,,,,,,,,,,,X,,,
1007,1071,Embargos Infringentes,,,,,,,,,,,,,,,,,,,,X,,,
1008,1071,Recurso de Revista,,,,,,,,,,,,,,,,,,,,X,,,
1009,1071,Recurso Ordinário Trabalhista,,,,,,,,,,,,,,,,,,,X,X,,,
1013,5,Agravo em Recurso de Habeas Corpus,,,,,,,,,,,,,,,,,,,,,,X,
1015,5,Embargos de Divergência em Recurso de Mandado de Segurança,,,,,,,,,,,,,,,,,,,,,,X,
1016,5,Embargos de Divergência em Agravo Regimental,,,,,,,,,,,,,,,,,,,,,,X,
1017,5,Embargos à Execução em Mandado de Segurança,,,,,,,,,,,,,,,,,,,,,,X,
1018,5,Embargos à Execução em Ação Recisoria,,,,,,,,,,,,,,,,,,,,,,X,
1019,5,Embargos à Execução em Medida Cautelar,,,,,,,,,,,,,,,,,,,,,,X,
1020,5,Execução em Ação Rescisória,,,,,,,,,,,,,,,,,,,,,,X,
1021,5,Execução em Sentença Estrangeira,,,,,,,,,,,,,,,,,,,,,,X,
1022,5,Execução em Sentença Estrangeira Contestada,,,,,,,,,,,,,,,,,,,,,,X,
1023,5,Execução em Mandado de Segurança,,,,,,,,,,,,,,,,,,,,,,X,
1024,5,Execução em Medida Cautelar,,,,,,,,,,,,,,,,,,,,,,X,
1025,5,Incidente de Deslocamento de Competência ,,,,,,,,,,,,,,,,,,,,,,X,
1026,5,Homologação de Decisão Estrangeira,,,,,,,,,,,,,,,,,,,,,,X,
1027,5,Sentença Estrangeira Contestada,,,,,,,,,,,,,,,,,,,,,,X,
1028,5,Sindicância,,,,,,,,,,,,,,,,,,,,,,X,
1029,5,Mandado de Segurança,,,,,,,,,,,,,,,,,,,,,,X,
1030,5,Reclamação,,,,,,,,,,,,,,,,,,,,,,X,
1031,5,Recurso Ordinário,,,,,,,,,,,,,,,,,,,,,,X,
1032,5,Recurso Especial,,,,,,,,,,,,,,,,,,,,,,X,
1033,5,Ação Penal,,,,,,,,,,,,,,,,,,,,,,X,
1034,5,Interpelação Judicial,,,,,,,,,,,,,,,,,,,,,,X,
1035,5,Apelação Cível,,,,,,,,,,,,,,,,,,,,,,X,
1036,5,Suspensão de Liminar e de Sentença,,,,,,,,,,,,,,,,,,,,,,X,
1037,5,Embargos Infringentes em Apelação Cível,,,,,,,,,,,,,,,,,,,,,,X,
1038,5,Representação,,,,,,,,,,,,,,,,,,,,,,X,
1040,5,Requisição de Pequeno Valor,,,,,,,,,,,,,,,,,,,,,,X,
1042,5,Inquérito,,,,,,,,,,,,,,,,,,,,,,X,
1044,5,Agravo de Instrumento,,,,,,,,,,,,,,,,,,,,,,X,
1045,5,Agravo em Recurso Extraordinário,,,,,,,,,,,,X,,,,,,,,,X,X,
1046,5,Agravo em Recurso de Mandado de Segurança,,,,,,,,,,,,,,,,,,,,,X,X,
1047,5,Carta Rogatória,,,,,,,,,,,,,,,,,,,,,,X,
1049,5,Habeas Data,,,,,,,,,,,,,,,,,,,,,,X,
1053,5,Conflito de Atribuição,,,,,,,,,,,,,,,,,,,,,,X,
1054,5,Conflito de Competência,,,,,,,,,,,,,,,,,,,,,,X,
1057,5,Petição,,,,,,,,,,,,,,,,,,,,,,X,
1062,5,Medida Cautelar,,,,,,,,,,,,,,,,,,,,,,X,
1063,5,Exceção da Verdade,,,,,,,,,,,,,,,,,,,,,,X,
1064,5,Remessa Necessária em Habeas Corpus,,,,,,,,,,,,,,,,,,,,,,X,
1066,5,Embargos Infringentes em Ação Rescisória,,,,,,,,,,,,,,,,,,,,,,X,
1067,1107,Procedimentos Trabalhistas,,,X,X,,,,,X,,,,,,,,,X,X,X,,,
1068,158,Processo de Execução Trabalhista,,,,,,,,,,,,,,,,,,X,X,X,,,
1070,214,Incidentes Trabalhistas,,,,,,,,,,,,,,,,,,,X,X,,,
1071,197,Recursos Trabalhistas,,,,,,,,,X,,,,,,,,,X,X,X,,,
1072,1070,Pedido de Revisão do Valor da Causa,,,,,,,,,,,,,,,,,,,X,,,,
1106,2,Processo de Conhecimento,X,X,X,X,X,X,X,X,X,X,X,X,X,X,X,X,X,X,X,X,X,X,X
1107,1106,Procedimento de Conhecimento,X,X,X,X,X,X,X,X,X,X,X,X,X,X,X,X,X,X,X,X,X,X,X
1111,158,Execução de Título Judicial,,,X,X,X,X,X,X,X,X,,,,X,X,,,X,X,,,,
1112,1111,Execução de Alimentos,,,X,,,,,,,,,,,,,,,,,,,,
1114,1111,Execução Contra a Fazenda Pública,,,X,X,X,,,X,X,,,,,X,X,,,,,,,,
1116,158,Execução Fiscal,,,X,,,,,X,,,,,,,,,,X,,,,,
1117,158,Execução Hipotecária do Sistema Financeiro da Habitação,,,X,,,,,X,,,,,,,,,,,,,,,
1118,169,Embargos à Execução Fiscal,,,X,,,,,X,,,,,,,,,,,,,,,
1122,50,Tutela e Curatela - Remoção e Dispensa,,,X,,,,,,,,,,,,,,,,,,,,
1124,62,Justificação de Dinheiro a Risco,,,X,,,,,X,,,,,,,,,,,,,,,
1125,1067,Ação Trabalhista - Rito Sumaríssimo,,,,,,,,,,,,,,,,,,X,,,,,
1126,1067,Ação Trabalhista - Rito Sumário (Alçada),,,,,,,,,,,,,,,,,,X,,,,,
1137,5,Embargos de Divergência em Recurso Especial,,,,,,,,,,,,,,,,,,,,,,X,
1145,1070,Conflito de Competência,,,,,,,,,,,,,,,,,,,X,X,,,
1178,331,Incidente de Arguição de Inconstitucionalidade Criminal,,,,X,,,,,X,,,,,,X,,,,,,,X,
1198,, ,X,,,,,,,,,,,,,,,,,,,,,,
1198,,PROCEDIMENTOS ADMINISTRATIVOS ,,X,X,X,X,X,X,X,X,X,X,X,X,X,X,X,X,X,X,X,X,X,X
1199,1198,Pedido de Providências,X,X,X,X,,,,X,X,,,,,X,X,X,X,,X,X,,,
1202,1067,Reclamação,,,,,,,,,,,,,,,,,,,X,X,,,
1208,200,Agravo Interno Cível,,,,X,,,,,X,,,X,,,X,,X,,,,,,
1209,1071,Agravos,,,,,,,,,X,,,,,,,,,X,X,X,,,
1230,224,Exceção de Impedimento,X,,X,X,X,X,X,X,X,X,,X,X,X,X,,,X,X,X,,,
1231,224,Exceção de Suspeição,X,,X,X,X,X,X,X,X,X,,X,X,X,X,,,X,X,X,,,
1232,224,Exceção de Incompetência,,,X,X,X,X,,X,X,X,,X,,X,X,,,X,X,X,,,
1233,175,Efeito Suspensivo,,,,,,,,,,,,,,,,,,,,X,,,
1262,1198,Processo Administrativo Disciplinar em face de Servidor,,X,X,X,,,,X,X,,,,,X,X,X,X,,X,X,,,
1264,1198,Processo Administrativo Disciplinar em face de Magistrado,,X,,X,,,,,X,,,,,,X,,X,,X,X,,,
1265,1198,Precatório,,,,X,,,,,X,,,,,,X,,,,X,X,,,
1266,1198,Requisição de Pequeno Valor,,,,X,,,,,X,,,,,,X,,,,X,,,,
1267,1071,Recurso de Multa,,,,,,,,,,,,,,,,,,,X,,,,
1268,308,Medidas Protetivas de Urgência (Lei Maria da Penha) - Criminal,,,X,X,,,,,,,,,,X,,X,X,,,,X,X,
1269,62,Habeas Corpus Cível,,,X,X,,,X,X,X,,,,,X,X,,,X,X,X,,,
1271,197,Recurso de Medida Cautelar Cível,,,,,,,X,,,,,X,,,,,,,,,,,
1283,406,Superveniência de doença mental,,,X,X,,,,X,X,,,,,X,X,X,X,,,,,,
1284,406,Unificação de penas,,,X,X,,,,X,X,,,,,X,X,X,X,,,,,,
1285,215,Conflito de atribuição,,,,X,,,,,,,,,,,,,,,,,,,
1288,406,Transferência entre estabelecimentos penais,,,X,X,,,,X,X,,,,,X,X,X,X,,,,,,
1289,175,Outras medidas provisionais,,,X,X,,,,X,X,,,,,,,,,,,,,,
1291,331,Reabilitação,,,X,X,,,,X,,,,,,X,X,X,X,,,,,,
1294,50,Outros procedimentos de jurisdição voluntária,,,X,,,,,X,,,,,,,,,,,,,,,
1295,50,Alvará Judicial,,,X,,,,,X,,,,,,,,,,X,,,,,
1296,62,Declaratória de Constitucionalidade,,,,X,,,,,,,,,,,,,,,,,,,
1297,62,Intervenção em Município,,,,X,,,,,,,,,,,,,,,,,,,
1298,1198,Processo Administrativo,X,,X,X,,,,X,X,,,,,X,X,X,X,,X,X,,,
1299,1198,Recurso Administrativo,,,,X,,,,,X,,,,,,X,,,,X,X,,X,
1301,1198,Reclamação Disciplinar,,X,X,X,,,,X,X,,,,,X,X,,,,X,X,,,
1303,1198,Correição Extraordinária,,,,X,,,,,X,,,,,,X,,X,,X,X,,,
1304,1198,Inspeção,,X,,X,,,,,X,,,,,,X,,,,,X,,,
1306,1198,Recurso em Processo Administrativo Disciplinar em face de Servidor,,,,X,,,,,X,,,,,,X,,,,,,,,
1307,1198,Correição Ordinária,,X,,X,,,,,X,,,,,,X,,X,,X,X,,,
1308,1198,Sindicância,,X,X,X,,,,X,X,,,,,X,X,X,X,,X,X,,,
1310,,SUPREMO TRIBUNAL FEDERAL ,,,,,,,,,,,,,,,,,,,,,X,,
1311,1310,Ação Cautelar,,,,,,,,,,,,,,,,,,,,,X,,
1312,1310,Ação Originária,,,,,,,,,,,,,,,,,,,,,X,,
1313,1310,Ação Declaratória de Constitucionalidade,,,,,,,,,,,,,,,,,,,,,X,,
1314,1310,Ação Direta de Inconstitucionalidade,,,,,,,,,,,,,,,,,,,,,X,,
1315,1310,Ação Cível Originária,,,,,,,,,,,,,,,,,,,,,X,,
1317,1310,Ação Penal,,,,,,,,,,,,,,,,,,,,,X,,
1318,1310,Ação Rescisória,,,,,,,,,,,,,,,,,,,,,X,,
1319,1310,Agravo Interno,,,,,,,,,,,,,,,,,,,,,X,,
1320,1310,Agravo de Instrumento,,,,,,,,,,,,,,,,,,,,,X,,
1321,1310,Agravo Regimental,,,,,,,,,,,,,,,,,,,,,X,,
1322,1310,Arguição de Descumprimento de Preceito Fundamental,,,,,,,,,,,,,,,,,,,,,X,,
1323,1310,Arguição de Suspeição,,,,,,,,,,,,,,,,,,,,,X,,
1324,1310,Carta Rogatória,,,,,,,,,,,,,,,,,,,,,X,,
1325,1310,Comunicação,,,,,,,,,,,,,,,,,,,,,X,,
1326,1310,Conflito de Competência,,,,,,,,,,,,,,,,,,,,,X,,
1327,1310,Embargos de Declaração,,,,,,,,,,,,,,,,,,,,,X,,
1328,1310,Embargos Divergentes,,,,,,,,,,,,,,,,,,,,,X,,
1329,1310,Embargos Infringentes,,,,,,,,,,,,,,,,,,,,,X,,
1330,1310,Extradição,,,,,,,,,,,,,,,,,,,,,X,,
1331,1310,Habeas Corpus,,,,,,,,,,,,,,,,,,,,,X,,
1332,1310,Habeas Data,,,,,,,,,,,,,,,,,,,,,X,,
1333,1310,Inquerito,,,,,,,,,,,,,,,,,,,,,X,,
1334,1310,Intervenção Federal,,,,,,,,,,,,,,,,,,,,,X,,
1335,1310,Mandado de Injunção,,,,,,,,,,,,,,,,,,,,,X,,
1336,1310,Mandado de Segurança,,,,,,,,,,,,,,,,,,,,,X,,
1337,1310,Medida Cautelar,,,,,,,,,,,,,,,,,,,,,X,,
1338,1310,Petição,,,,,,,,,,,,,,,,,,,,,X,,
1339,1310,Prisão Preventiva para Extradição,,,,,,,,,,,,,,,,,,,,,X,,
1340,1310,Processo Administrativo,,,,,,,,,,,,,,,,,,,,,X,,
1341,1310,Questão de Ordem,,,,,,,,,,,,,,,,,,,,,X,,
1342,1310,Reclamação,,,,,,,,,,,,,,,,,,,,,X,,
1343,1310,Recurso Criminal,,,,,,,,,,,,,,,,,,,,,X,,
1344,1310,Recurso em Habeas Corpus,,,,,,,,,,,,,,,,,,,,,X,,
1345,1310,Recurso em Habeas Data,,,,,,,,,,,,,,,,,,,,,X,,
1346,1310,Recurso em Mandado de Injunção,,,,,,,,,,,,,,,,,,,,,X,,
1347,1310,Recurso em Mandado de Segurança,,,,,,,,,,,,,,,,,,,,,X,,
1348,1310,Recurso Extraordinário,,,,,,,,,,,,,,,,,,,,,X,,
1349,1310,Revisão Criminal,,,,,,,,,,,,,,,,,,,,,X,,
1350,1310,Sentença Estrangeira,,,,,,,,,,,,,,,,,,,,,X,,
1351,1310,Sentença Estrangeira Contestada,,,,,,,,,,,,,,,,,,,,,X,,
1352,1310,Suspensão de Liminar,,,,,,,,,,,,,,,,,,,,,X,,
1353,1310,Suspensão de Segurança,,,,,,,,,,,,,,,,,,,,,X,,
1354,1310,Suspensão de Tutela Provisória,,,,,,,,,,,,,,,,,,,,,X,,
1385,547,Seção Cível,,,X,X,,,,X,X,,,,,,,,,,,,X,X,
1386,1385,Processo de Conhecimento,,,X,X,,,,X,X,,,,,,,,,,,,X,X,
1389,1386,Ação de Alimentos de Infância e Juventude,,,X,,,,,,,,,,,,,,,,,,,,
1390,1386,Revisão Judicial de Decisão do Conselho Tutelar,,,X,,,,,,,,,,,,,,,,,,,,
1391,1386,Apuração de Irregularidades em Entidades de Atendimento,,,X,,,,,,,,,,,,,,,,,,,,
1392,1386,Apuração de Infração Administrativa às Normas de Proteção à Criança ou Adolescente,,,X,,,,,,,,,,,,,,,,,,,,
1396,1386,Tutela Infância e Juventude,,,X,,,,,,,,,,,,,,,,,,,,
1399,1386,Tutela c/c Destituição do Poder Familiar,,,X,,,,,,,,,,,,,,,,,,,,
1401,1386,Adoção,,,X,,,,,,,,,,,,,,,,,,,,
1412,1386,Adoção c/c Destituição do Poder Familiar,,,X,,,,,,,,,,,,,,,,,,,,
1414,1386,Suprimento de Capacidade ou de Consentimento para Casar,,,X,,,,,,,,,,,,,,,,,,,,
1415,1386,Emancipação,,,X,,,,,,,,,,,,,,,,,,,,
1417,1386,Regularização de Registro Civil,,,X,,,,,,,,,,,,,,,,,,,,
1420,1386,Guarda de Infância e Juventude,,,X,,,,,,,,,,,,,,,,,,,,
1424,1386,Providência ,,,X,,,,,,,,,,,,,,,,,,,,
1425,1386,Prestação de Contas Infância e Juventude,,,X,,,,,,,,,,,,,,,,,,,,
1426,1386,Perda ou Suspensão do Poder Familiar,,,X,,,,,,,,,,,,,,,,,,,,
1430,1385,Processo de Execução,,,X,,,,,,,,,,,,,,,,,,,,
1432,1430,Execução de Alimentos Infância e Juventude,,,X,,,,,,,,,,,,,,,,,,,,
1434,1430,Execução de Medida de Proteção à Criança e Adolescente,,,X,,,,,,,,,,,,,,,,,,,,
1435,1430,Execução de Multa,,,X,,,,,,,,,,,,,,,,,,,,
1436,1385,Processos Cautelares,,,X,,,,,,,,,,,,,,,,,,,,
1438,1436,Busca e Apreensão Infância e Juventude,,,X,,,,,,,,,,,,,,,,,,,,
1440,1436,Cautelar Inominada Infância e Juventude,,,X,,,,,,,,,,,,,,,,,,,,
1450,1385,Cartas,,,X,,,,,,,,,,,,,,,,,,,,
1451,1450,Carta de Ordem Infância e Juventude,,,X,,,,,,,,,,,,,,,,,,,,
1455,1450,Carta Precatória Infância e Juventude,,,X,,,,,,,,,,,,,,,,,,,,
1459,547,Seção Infracional,,,X,X,,,,X,X,,,,,,,,,,,,X,X,
1460,1459,Procedimentos Investigatórios,,,X,,,,,,,,,,,,,,,,,,,,
1461,1460,Auto de Apreensão em Flagrante,,,X,,,,,,,,,,,,,,,,,,,,
1462,1460,Relatório de Investigações,,,X,,,,,,,,,,,,,,,,,,,,
1463,1460,Boletim de Ocorrência Circunstanciada,,,X,,,,,,,,,,,,,,,,,,,,
1464,1459,Processo de Apuração de Ato Infracional,,,X,,,,,,,,,,,,,,,,,,,,
1465,1459,Execução de Medidas Socioeducativas,,,X,,,,,,,,,,,,,,,,,,,,
1466,1465,Internação com Atividades Externas,,,X,,,,,,,,,,,,,,,,,,,,
1467,1465,Internação sem Atividades Externas,,,X,,,,,,,,,,,,,,,,,,,,
1468,1465,Semiliberdade,,,X,,,,,,,,,,,,,,,,,,,,
1469,1465,Liberdade Assistida,,,X,,,,,,,,,,,,,,,,,,,,
1470,1465,Prestação de Serviços a Comunidade,,,X,,,,,,,,,,,,,,,,,,,,
1471,1465,Obrigação de Reparar o Dano,,,X,,,,,,,,,,,,,,,,,,,,
1472,1465,Advertência ,,,X,,,,,,,,,,,,,,,,,,,,
1473,1459,Cartas,,,X,,,,,,,,,,,,,,,,,,,,
1474,1473,Carta de Ordem Infracional,,,X,,,,,,,,,,,,,,,,,,,,
1478,1473,Carta Precatória Infracional,,,X,,,,,,,,,,,,,,,,,,,,
1669,5,Ação Rescisória,,,,,,,,,,,,,,,,,,,,,,X,
1670,5,Ação de Improbidade Administrativa,,,,,,,,,,,,,,,,,,,,,,X,
1671,5,Comunicação,,,,,,,,,,,,,,,,,,,,,,X,
1672,5,Exceção de Impedimento,,,,,,,,,,,,,,,,,,,,,,X,
1673,5,Exceção de Suspeição,,,,,,,,,,,,,,,,,,,,,,X,
1674,5,Intervenção Federal,,,,,,,,,,,,,,,,,,,,,,X,
1675,5,Mandado de Injunção,,,,,,,,,,,,,,,,,,,,,,X,
1677,5,Precatório,,,,,,,,,,,,,,,,,,,,,,X,
1678,5,Revisão Criminal,,,,,,,,,,,,,,,,,,,,,,X,
1679,5,Suspensão de Segurança,,,,,,,,,,,,,,,,,,,,X,,X,
1680,1198,Consulta Administrativa,,X,,,,,,,,,,,,X,X,X,X,,X,X,,,
1682,62,Retificação ou Suprimento ou Restauração de Registro Civil,,,X,,,,,,,,,,,,,,,,,,,,
1683,62,Retificação de Registro de Imóvel,,,X,,,,,X,,,,,,,,,,,,,,,
1685,1071,Remessa Necessária Trabalhista,,,,,,,,,,,,,,,,,,,X,X,,,
1689,207,Embargos de Declaração Cível,,,X,X,X,X,X,X,X,X,,X,X,X,X,,,X,X,X,X,X,X
1690,1386,Ação Civil Pública Infância e Juventude,,,X,,,,,,,,,,,,,,,,,,,,
1691,1386,Mandado de Segurança Infância e Juventude Cível,,,X,X,,,,,,,,,,,,,,,,,,,
1701,237,Nomeação de Advogado,,,X,,X,X,,X,,,,,,X,,,,,,,,,
1702,215,Impugnação de Assistência Judiciária,,,X,X,,,,X,X,,,,,X,X,,,,,,,,
1703,1386,Autorização judicial,,,X,,,,,,,,,,,,,,,,,,,,
1704,1386,Embargos de Terceiro Infância e Juventude,,,X,,,,,,,,,,,,,,,,,,,,
1705,1386,"Remoção, modificação e dispensa de tutor ou curador",,,X,,,,,,,,,,,,,,,,,,,,
1706,1386,Procedimento Comum Infância e Juventude,,,X,,,,,,,,,,,,,,,,,,,,
1707,27,Reintegração / Manutenção de Posse,,,X,,,X,,X,,,,,,,,,,X,,,,,
1709,27,Interdito Proibitório,,,X,,,X,,X,,,,,,,,,,X,,,,,
1710,292,Mandado de Segurança Criminal,,,X,X,,,X,X,X,,,,,X,X,X,X,,,,,,
1711,412,Agravo de Instrumento em Recurso Especial,,,,X,,,,,X,,,,,,X,,,,,,,,
1712,412,Agravo de Instrumento em Recurso Extraordinário,,,,X,,,X,,X,,,X,,,X,,X,,,,,,
1714,385,Execução Provisória,,,X,X,,,,X,X,,,,,X,X,X,X,,,,,,
1715,316,Embargos do Acusado,,,X,,,,,X,,,,,,X,X,X,X,,,,,,
1717,316,Alienação de Bens do Acusado,,,X,,,,,X,,,,,,X,X,X,X,,,,X,X,
1719,331,Avaliação para atestar dependência de drogas,,,X,X,,X,,X,X,X,,,,,,,,,,,,,
1720,5,Habeas Corpus,,,,,,,,,,,,,,,,,,,,,,X,
1721,5,Recurso Ordinário em Mandado de Segurança,,,,,,,,,,,,,,,,,,,,X,,X,
1722,5,Recurso Ordinário em Habeas Corpus,,,,,,,,,,,,,,,,,,,,,,X,
1723,175,Contraprotesto Judicial,,,X,X,,,,X,X,,,,,X,X,,,X,X,X,,,
1725,175,Notificação,,,X,X,,,,X,X,,,,,X,X,,,X,X,X,,,
1726,175,Interpelação,,,X,X,,,,X,X,,,,,X,X,,,X,X,X,,,
1727,268,Petição Criminal,,,X,X,,X,X,X,X,X,X,X,X,X,X,X,X,,,,,X,
1728,197,Apelação / Remessa Necessária,,,,X,,,,,X,,,,,,X,,,,,,,,
1729,412,Agravo Interno Criminal,,,,X,,,X,,X,,X,X,X,,X,,X,,,,,X,X
1731,277,Investigação contra magistrado,,,,X,,,,,X,,,,,,,,X,,,,,X,
1733,277,Procedimento Investigatório Criminal (PIC-MP) ,,,X,X,,X,,X,X,X,,,,X,X,X,X,,,,,,
10933,1386,Habilitação para Adoção,,,X,,,,,,,,,,,,,,,,,,,,
10942,197,Correição Parcial Cível,X,,,X,,,X,,X,,,,,,X,,,,,,,,
10943,281,Ação Penal - Procedimento Sumário,,,X,X,,,,X,X,,,,,,,,,,,,,,
10944,281,Ação Penal - Procedimento Sumaríssimo,,,X,X,,X,,X,X,X,,,,,,,,,,,,,
10960,1459,Incidente de Sanidade Mental,,,X,,,,,,,,,,,,,,,,,,,,
10967,308,Medidas de Proteção à Pessoa Idosa - Criminal,,,X,X,,X,,,,,,,,,,,,,,,X,X,
10969,1385,Incidentes,,,X,X,,,,,,,,,,,,,,,,,,,
10970,10969,Conflito de Competência Infância e Juventude,,,,X,,,,,,,,,,,,,,,,,,,
10971,10969,Exceções,,,X,X,,,,,,,,,,,,,,,,,,,
10972,10969,Exibição de Documento ou Coisa Infância e Juventude,,,X,X,,,,,,,,,,,,,,,,,,,
10973,10969,Impugnação ao Valor da Causa Infância e Juventude,,,X,X,,,,,,,,,,,,,,,,,,,
10974,10969,Incidente de Falsidade Infância e Juventude,,,X,X,,,,,,,,,,,,,,,,,,,
10975,10971,Exceção de Impedimento Infância e Juventude,,,X,X,,,,,,,,,,,,,,,,,,,
10976,10971,Exceção de Incompetência Infância e Juventude,,,X,X,,,,,,,,,,,,,,,,,,,
10977,10971,Exceção de Suspeição Infância e Juventude,,,X,X,,,,,,,,,,,,,,,,,,,
10979,1459,Petição Infracional,,,X,X,,,,,,,,,,,,,,,,,,,
10980,155,Cumprimento Provisório de Decisão,,,X,X,,,,X,X,,,,,X,X,,,,,,,,
10981,155,Impugnação ao Cumprimento de Decisão,,,X,X,,,,X,X,,,,,X,X,,,,,,,,
11026,1385,Petição Infância e Juventude Cível,,,X,X,,,,,,,,,,,,,,,,,,,
11027,1071,Remessa Necessária / Recurso Ordinário,,,,,,,,,,,,,,,,,,,X,X,,,
11028,,PROCESSO MILITAR ,,,X,X,,,,,X,,,,,X,X,X,X,,,,X,,
11029,11028,PROCEDIMENTOS ESPECIAIS PREVISTOS EM LEIS ESPARSAS,,,,,,,,,,,,,,,X,,X,,,,,,
11030,11028,PROCESSO CRIMINAL,,,,,,,,,X,,,,,X,X,X,X,,,,,,
11031,11030,Procedimento Especial,,,,,,,,,,,,,,X,X,X,X,,,,,,
11032,11030,Procedimentos Investigatórios,,,,,,,,,,,,,,X,X,X,X,,,,,,
11033,11030,Recursos,,,,,,,,,X,,,,,,X,,X,,,,,,
11034,11029,Conselho de Justificação ,,,,,,,,,,,,,,,X,,X,,,,,,
11035,11029,Representação p/ Declaração de Indignidade/Incompatibilidade ,,,,,,,,,,,,,,,X,,X,,,,,,
11036,11029,Representação p/ Perda da Graduação ,,,,,,,,,,,,,,,X,,,,,,,,
11037,11030,Ação Penal Militar - Procedimento Ordinário,,,,,,,,,,,,,,X,X,X,X,,,,,,
11038,11033,Embargos em Ação Penal Militar,,,,,,,,,,,,,,,X,,X,,,,,,
11039,11033,Reclamação Militar,,,,,,,,,X,,,,,,X,,X,,,,,,
11040,11033,Recurso Inominado Militar,,,,,,,,,,,,,,,X,,X,,,,,,
11041,11032,Inquérito Policial Militar,,,,,,,,,,,,,,X,X,X,X,,,,,,
11042,11031,Correição Parcial Militar,,,,,,,,,,,,,,,X,,X,,,,,,
11043,11031,Deserção,,,,,,,,,,,,,,X,X,X,X,,,,,,
11044,11031,Insubmissão,,,,,,,,,,,,,,,,X,,,,,,,
11045,11043,Deserção de Oficial,,,,,,,,,,,,,,X,X,X,X,,,,,,
11046,11043,Deserção de Praça,,,,,,,,,,,,,,X,,X,,,,,,,
11099,,PROCEDIMENTOS PRÉ-PROCESSUAIS DE RESOLUÇÃO CONSENSUAL DE CONFLITOS ,,,X,X,X,X,,X,X,X,,,,X,X,,,X,X,X,X,X,
11397,62,Extinção das obrigações do falido,,,X,,,,,,,,,,,,,,,,,,,,
11398,412,Recurso em sentido estrito/Recurso ex officio,,,X,X,,,X,X,X,,,X,,,X,X,X,,,,,,
11399,385,Execução de Medida de Segurança,,,X,X,,,,X,X,,,,,X,,X,,,,,,,
11400,1209,Agravo de Instrumento em Recurso Ordinário para o STF,,,,,,,,,,,,,,,,,,,,X,,,
11553,11043,Instrução Provisória de Deserção,,,,,,,,,,,,,,X,X,,,,,,,,
11555,62,Suspensão de Liminar e de Sentença,,,,X,,,,,X,,,,,,X,,X,,X,X,,,
11556,62,Suspensão de Segurança Cível,,,,X,,,X,,X,,,,,,X,,X,,X,X,,,
11787,331,Assistência Judiciária,,,X,X,,X,X,X,X,,,,,X,X,,,,,,,,
11788,331,Exibição de Documento ou Coisa Criminal,,,X,X,,,,X,X,,,,,X,X,X,X,,,,,,
11789,331,Impugnação ao Valor da Causa,,,X,X,,,,X,X,,,,,X,X,,,,,,,,
11790,331,Impugnação de Assistência Judiciária,,,X,X,,,,X,X,,,,,X,X,,,,,,,,
11791,331,Pedido de Uniformização de Interpretação de Lei Criminal,,,,,,,,,,,X,X,X,,,,,,,,,X,X
11793,308,Produção Antecipada de Provas Criminal,,,X,X,,,,X,X,,,,,X,X,X,,,,,,,
11794,1459,Restituição de Coisas Apreendidas Infracional,,,X,X,,,,,,,,,,,,,,,,,,,
11798,285,Processo de Aplicação de Medida de Segurança Por Fato Não Criminoso,,,X,,,,,X,,,,,,,,,,,,,,,
11799,11032,Instrução Provisória de Insubmissão,,,,,,,,,,,,,,X,,X,,,,,,,
11800,11032,Instrução Provisória de Deserção,,,,,,,,,,,,,,X,,X,,,,,,,
11875,11099,Reclamação Pré-processual,,,X,X,X,X,,X,X,X,,,,,,,,X,X,X,,,
11880,1310,Recurso Extraordinário com Agravo,,,,,,,,,,,,,,,,,,,,,X,,
11881,5,Agravo em Recurso Especial,,,,,,,,,,,,,,,,,,,,,,X,
11882,1071,Recurso de Revista com Agravo,,,,,,,,,,,,,,,,,,,,X,,,
11886,1071,Recurso Ordinário - Rito Sumaríssimo,,,,,,,,,,,,,,,,,,,X,X,,,
11887,1198,Acompanhamento de Cumprimento de Decisão,,X,,,,,,,,,,,,,,,,,,X,,,
11888,1198,Ato Normativo,,X,,,,,,,,,,,,,,,,,,,,,
11889,1198,Nota Técnica,,X,,,,,,,,,,,,,,,,,,,,,
11890,1198,Parecer de Mérito sobre Anteprojeto de Lei,,X,,,,,,,,,,,,,,,,,,,,,
11891,1198,Procedimento de Controle Administrativo,,X,,,,,,,,,,,,,,,,,,,,,
11892,1198,Revisão Disciplinar,,X,,,,,,,,,,,,,,,,,,,,,
11893,1198,Reclamação para Garantia das Decisões,,X,,,,,,,,,,,,,,,,,,,,,
11894,1198,Comissão,,X,,,,,,,,,,,,,,,,,,,,,
11953,1198,Arguição de Suspeição e de Impedimento,,X,,,,,,,,,,,,,,,,,,,,,
11955,308,Cautelar Inominada Criminal,,,X,X,,X,X,X,X,X,,X,,X,X,X,X,,,,,X,
11956,5,Embargos de Divergência em Agravo em Recurso Especial,,,,,,,,,,,,,,,,,,,,,,X,
11957,406,Remição de Pena,,,X,X,,,,X,X,X,,,,,,,,,,,,,
12070,1386,Pedido de Medida de Proteção,,,X,X,,,,X,X,,,,,,,,,,,,,,
12071,1459,Procedimentos Cautelares,,,X,X,,,,X,X,,,,,,,,,,,,X,X,
12072,12071,Busca e Apreensão Infracional,,,X,X,,,,X,X,,,,,,,,,,,,,,
12073,12071,Internação Provisória,,,X,X,,,,X,X,,,,,,,,,,,,,,
12074,1459,Pedido De Desinternação/Reavaliação/Substituição/Suspensão da Medida,,,X,X,,,,X,X,,,,,,,,,,,,,,
12075,215,Procedimento Conciliatório,,,X,X,,,,X,X,,,,,,,,,X,X,,,,
12076,1386,Restabelecimento do Poder Familiar,,,X,,,,,,,,,,,,,,,,,,,,
12077,331,Homologação em Acordo de Colaboração Premiada,,,X,X,,,,X,X,,,,,,,X,X,,,,,,
12078,155,Cumprimento de Sentença contra a Fazenda Pública,,,X,X,X,,,X,X,X,,,,,,,,,,,,,
12079,159,Execução de Título Extrajudicial contra a Fazenda Pública,,,X,X,X,,,X,X,X,,,,,,,,,,,,,
12080,215,Incidente de Impedimento Cível,X,,X,X,X,X,X,X,X,X,X,X,X,X,X,,,,X,X,,,X
12081,215,Incidente de Suspeição Cível,X,,X,X,X,X,X,X,X,X,X,X,X,X,X,,,,X,X,,,X
12082,257,Carta Arbitral,,,X,X,,,,X,X,,,,,,,,,,,,,,
12083,175,Tutela Antecipada Antecedente,,,X,X,,,,X,X,,,,,,,,,,,,,,
12084,175,Tutela Cautelar Antecedente,,,X,X,,,,X,X,,,,,,,,,,,,,,
12085,215,Incidente de Resolução de Demandas Repetitivas,,,,X,,,,,X,,,,,,X,,X,,X,X,X,X,
12086,27,Dissolução Parcial de Sociedade,,,X,X,,,,X,X,,,,,,,,,,,,,,
12087,215,Incidente de Assunção de Competência,,,,X,,,,,X,,,,,,X,,,,X,,X,,
12089,406,Renovação de Permanência em Estabelecimento Penal Federal,,,,,,,,X,,,,,,,,,,,,,,,
12117,1310,Suspensão do Incidente de Resolução de Demandas Repetitivas,,,,,,,,,,,,,,,,,,,,,X,,
12118,5,Suspensão em Incidente de Resolução de Demandas Repetitivas,,,,,,,,,,,,,,,,,,,,X,,X,
12119,215,Incidente de Desconsideração de Personalidade Jurídica,,,X,X,X,X,X,X,X,X,,,,,,,,X,X,X,X,X,
12120,1459,Agravo em Execução de Medidas Sócio-Educativas,,,X,,,,,,,,,,,,,,,,,,,,
12121,277,Comunicado de Mandado de Prisão,,,X,X,,X,,X,X,X,,,,X,X,X,X,,,,X,X,
12122,292,Reclamação Criminal,,,,X,,,X,,X,,,X,,,X,,X,,,,X,X,
12123,406,Roteiro de Pena,,,X,,,,,X,,,,,,X,,X,,,,,,,
12125,406,Progressão de Regime,,,X,,,,,X,,,,,,X,,X,,,,,,,
12126,406,Regressão de Regime,,,X,,,,,X,,,,,,X,,X,,,,,,,
12127,406,Remição,,,X,,,,,X,,,,,,X,,X,,,,,,,
12128,406,Livramento Condicional,,,X,,,,,X,,,,,,X,,X,,,,,,,
12129,406,Outros Incidentes de Execução Iniciados de Ofício,,,X,,,,,X,,,,,,X,,X,,,,,,,
12132,1070,Incidente de Julgamento de Recurso de Revista e de Embargos Repetitivos,,,,,,,,,,,,,,,,,,,,X,,,
12133,2,Tutela Provisória de Urgência e Tutela Provisória de Evidência,X,X,X,X,X,X,X,X,X,X,X,X,X,X,X,X,X,X,X,X,X,X,X
12134,12133,Tutela Cautelar Antecedente,X,X,X,X,X,X,X,X,X,X,X,X,X,X,X,X,X,X,X,X,X,X,X
12135,12133,Tutela Antecipada Antecedente,X,X,X,X,X,X,X,X,X,X,X,X,X,X,X,X,X,X,X,X,X,X,X
12136,11099,Pedido de Mediação Pré-Processual,,,X,X,,X,,X,X,X,,,,X,X,,,X,X,X,X,X,
12137,214,Requerimento de Apreensão de Veículo,,,X,,,,,,,,,,,,,,,,,,,,
12138,62,Requerimento de Reintegração de Posse,,,X,,,,,,,,,,,,,,,,,,,,
12139,237,Contestação em Foro Diverso,,,X,,,,,X,,,,,,X,,,,,,,,,
12153,215,Embargos Parciais à Ação Monitória,,,X,,,,,X,,,,,,,,,,,,,,,
12154,159,Execução de Título Extrajudicial,,,X,,,X,,X,,X,,,,,,,,,,,,,
12190,1310,Suspensão Nacional do Incidente de Resolução de Demandas Repetitivas,,,,,,,,,,,,,,,,,,,,,X,,
12191,1310,Tutela Provisória Antecedente,,,,,,,,,,,,,,,,,,,,,X,,
12192,1310,Tutela Provisória Incidental,,,,,,,,,,,,,,,,,,,,,X,,
12226,50,Notificação,,,X,X,,,,X,X,,,,,X,X,,,X,X,X,X,X,
12227,50,Interpelação,,,X,X,,,,X,X,,,,,X,X,,,X,X,X,X,X,
12228,50,Protesto,,,X,X,,,,X,X,,,,,X,X,,,X,X,X,X,X,
12229,50,Protesto formado a bordo,,,X,X,,,,X,X,,,,,,,,,,,,X,X,
12230,1386,Guarda c/c destituição do poder familiar,,,X,X,,,,,,,,,,,,,,,,,X,X,
12231,155,Cumprimento de sentença - Lei Arbitral (Lei 9.307/1996),,,X,X,,,,,,,,,,,,,,,,,,,
12232,214,Ação de Partilha,,,X,,,,,,,,,,,,,,,,,,,,
12233,50,Tutela Cível,,,X,X,,,,,,,,,,,,,,,,,X,X,
12234,50,Curatela,,,X,X,,,,,,,,,,,,,,,,,X,X,
12246,155,Cumprimento de Sentença de Obrigação de Prestar Alimentos,,,X,X,,,,,,,,,,,,,,,,,,,
12247,159,Execução Extrajudicial de Alimentos,,,X,X,,,,,,,,,,,,,,,,,,,
12248,1198,Pedido de Cooperação Judiciária,X,X,X,X,X,X,X,X,X,X,X,X,X,X,X,X,X,X,X,X,,X,X
12249,1310,Suspensão em IRDR,,,,,,,,,,,,,,,,,,,,,X,,
12250,5,Suspensão em IRDR,,,,,,,,,,,,,,,,,,,,,,X,
12251,1111,Execução de Título Judicial - CEJUSC,,,X,X,,,,X,X,,,,,,,,,,,,,,
12357,237,Pedido de Efeito Suspensivo à Apelação,,,,X,,,,,X,,,,,,X,,,,,,,,
12369,50,Tomada de Decisão Apoiada,,,X,X,X,X,X,,,,,,,,,,,,,,X,X,X
12370,62,Tomada de Decisão Apoiada,,,X,X,,X,X,,,,,,,,,,,,,,X,X,
12371,50,Alteração de Regime de Bens,,,X,,,,,,,,,,,,,,,,,,,,
12372,50,Divórcio Consensual,,,X,,,,,,,,,,,,,,,,,,,,
12373,50,Divórcio Litigioso,,,X,,,,,,,,,,,,,,,,,,,,
12374,50,Homologação da Transação Extrajudicial,,,X,,,X,,X,,,,,,,,,,X,,,,,
12375,27,Reclamação,,,,X,,,,,X,,,,,,X,,,,X,,X,X,
12376,27,Regulação de Avaria Grossa,,,X,,,,,X,,,,,,,,,,,,,,,
12386,10969,Incidente de Impedimento Infância e Juventude,,,X,X,,,,,,,,,,,,,,,,,,,
12388,10969,Incidente de Suspeição Infância e Juventude,,,X,X,,,,,,,,,,,,,,,,,,,
12389,62,Ação de Partilha,,,X,,,,,,,,,,,,,,,,,,,,
12391,1070,Incidente de Uniformização de Jurisprudência,,,,,,,,,,,,,,,,,,,X,X,,,
12394,285,Revisão Criminal,,,,X,,,X,,X,,,X,,,X,,X,,X,,,,
12423,12071,Medidas Protetivas de Urgência (Lei Maria da Penha) - Infracional,,,X,X,,,,,,,,,,,,,,,,,X,X,
12424,12071,Medidas de Proteção à Pessoa Idosa - Infracional,,,X,X,,,,,,,,,,,,,,,,,X,X,
12541,27,Divórcio Litigioso,,,X,,,,,,,,,,,,,,,,,,X,X,
12727,385,Execução de Pena de Multa,,,X,X,,X,X,X,X,X,,X,,X,X,X,X,,,,X,X,
12728,385,Transferência Entre Estabelecimentos Penais,,,X,X,,X,,X,X,X,,,,X,X,X,X,,,,X,X,
12729,385,Execução de Medidas Alternativas no Juízo Comum,,,X,X,,,,X,X,,,,,X,X,X,X,,,,X,X,
12760,1071,Recurso de Julgamento Parcial ,,,,,,,,,,,,,,,,,,X,,,,,
12761,27,Homologação do Penhor Legal,,,X,,,,,X,,,,,,,,,,,,,,,
12762,50,Extinção Consensual de União Estável,,,X,,,,,,,,,,,,,,,,,,,,
12763,27,Reconhecimento e Extinção de União Estável,,,X,,,,,,,,,,,,,,,,,,,,
12764,27,Separação Contenciosa,,,X,,,,,,,,,,,,,,,,,,,,
12775,1310,Ação Direta de Inconstitucionalidade por Omissão,,,,,,,,,,,,,,,,,,,,,X,,
12776,1310,Arguição de Impedimento,,,,,,,,,,,,,,,,,,,,,X,,
12777,1310,Exceção de Incompetência,,,,,,,,,,,,,,,,,,,,,X,,
12778,1310,Exceção de Litispendência,,,,,,,,,,,,,,,,,,,,,X,,
12779,1310,Proposta de Súmula Vinculante,,,,,,,,,,,,,,,,,,,,,X,,
12780,1310,Admissão de Assistente,,,,,,,,,,,,,,,,,,,,,X,,
12781,1310,Impugnação ao Valor da Causa,,,,,,,,,,,,,,,,,,,,,X,,
12782,1310,Incidente de Falsidade,,,,,,,,,,,,,,,,,,,,,X,,
12784,1310,Suspeição de Perito,,,,,,,,,,,,,,,,,,,,,X,,
12785,1310,Embargos à Execução,,,,,,,,,,,,,,,,,,,,,X,,
12786,1310,Cumprimento de Sentença,,,,,,,,,,,,,,,,,,,,,X,,
12788,1310,Execução contra a Fazenda Pública,,,,,,,,,,,,,,,,,,,,,X,,
12789,1310,Execução de Pena,,,,,,,,,,,,,,,,,,,,,X,,
12790,1310,Extensão,,,,,,,,,,,,,,,,,,,,,X,,
12791,1310,Incidente de Assunção de Competência,,,,,,,,,,,,,,,,,,,,,X,,
14123,316,Destinação de Bens Apreendidos,,,X,X,,X,X,X,X,X,,X,,X,X,X,X,,,,X,X,
14671,62,Guarda de Família,,,X,,,,,,,,,,,,,,,,,,,,
14676,15195,Pedido de Inclusão no Cadastro de Programa de Apadrinhamento,,,X,,,,,,,,,,,,,,,,,,,,
14677,27,Regulamentação da Convivência Familiar,,,X,,,,,,,,,,,,,,,,,,,,
14678,331,Acordo de Não Persecução Penal,,,X,X,,X,X,X,X,X,X,X,X,X,X,X,X,,,,X,X,X
14695,1107,Procedimento do Juizado Especial da Fazenda Pública,,,,,X,,,,,,,,,,,,,,,,,,
14696,385,Execução de Medidas Alternativas nos Juizados Especiais,,,,,,X,,,,X,,,,,,,,,,,,,
14701,292,Habeas Data Criminal,,,X,X,,X,X,X,X,X,X,X,X,X,X,X,X,,,,,,X
14734,308,Medidas de Proteção - Criança e Adolescente (Lei 13.431) Criminais,,,X,X,,,,X,X,,,,,,,,,,,,,,
14775,1209,Agravo de Instrumento em Mandado de Segurança,,,,,,,,,,,,,,,,,,,X,,,,
14991,215,Classificação de Crédito Público,,,X,X,X,X,X,X,X,X,X,X,X,,,,,,,,,X,X
15140,1386,Entrega Voluntária,,,X,,,,,,,,,,,,,,,,,,,,
15159,62,Regime Centralizado de Execuções,,,X,,,,,,,,,,,,,,,,X,,,,
15160,155,Cumprimento de Sentença de Ações Coletivas,,,X,X,,,,X,X,,,,,,,,,X,X,,,,
15161,155,Cumprimento Provisório de Sentença de Ações Coletivas,,,X,,,,,X,X,,,,,,,,,X,X,,,,
15167,214,Acordo de Não Persecução Cível,,,X,X,,,,X,X,,,,,,,,,,,,,,
15170,308,Medidas Protetivas de Urgência - Crianças e Adolescentes (Lei Henry Borel - Lei 14.344/2022) Criminais,,,X,,,,,,,,,,,,,,,,,,,,
15171,12071,Medidas Protetivas de Urgência - Crianças e Adolescentes (Lei Henry Borel - Lei 14.344/2022) Infracionais,,,X,,,,,,,,,,,,,,,,,,,,
15172,12071,Medidas de Proteção - Criança e Adolescente (Lei 13.431) Infracionais,,,X,,,,,,,,,,,,,,,,,,,,
15187,1068,Plano Especial de Pagamento Trabalhista,,,,,,,,,,,,,,,,,,,X,,,,
15190,1386,Destituição do Poder Familiar,,,X,,,,,,,,,,,,,,,,,,,,
15191,1401,Adoção pelo Cadastro,,,X,,,,,,,,,,,,,,,,,,,,
15192,1401,Adoção Fora do Cadastro,,,X,,,,,,,,,,,,,,,,,,,,
15193,1401,Adoção Fora do Cadastro c/c Destituição do Poder Familiar,,,X,,,,,,,,,,,,,,,,,,,,
15194,1386,Suspensão do Poder Familiar,,,X,,,,,,,,,,,,,,,,,,,,
15195,547,Seção Administrativa,,,X,,,,,,,,,,,,,,,,,,,,
15196,15195,Inspeção,,,X,,,,,,,,,,,,,,,,,,,,
15215,155,Cumprimento de Sentença contra a Fazenda Pública Mediante Execução Invertida,,,,,X,,,,,X,,,,,,,,,,,,,
15217,62,Procedimento de Repactuação de Dívidas (Superendividamento),,,X,,,X,,X,,,,,,,,,,,,,,,
15224,5,Habeas Corpus Coletivo,,,,,,,,,,,,,,,,,,,,,,X,
15228,5,Queixa-Crime,,,,,,,,,,,,,,,,,,,,,,X,
15243,1198,Monitoramento de Auditorias e Obras,X,,,,,,,,,,,,,,,,,,,,,,
15309,214,Medidas Protetivas de Urgência (Lei Maria da Penha) - Cível,,,X,,,,,,,,,,,,,,,,,,,,
15321,11028,Revisão Judicial - RDII,,,,X,,,,,,,,,,,X,,X,,,,X,,
15423,11028,Revisão Judicial - Conselho de Justificação,,,X,X,,,,,,,,,,X,X,X,X,,,,,,
15430,155,Cumprimento de Sentença - Reclamação Pré-processual,,,X,X,,,,X,X,X,,,,,,,,,,,,,
