Código,Cód. Pai,Dispositivo legal,Artigo,Data de Publicação,Data de Alteração,Data de Inativação,Data de Reativação,nome,JMU1G
9985,,,,,,,,DIREITO ADMINISTRATIVO E OUTRAS MATÉRIAS DE DIREITO PÚBLICO,X
10186,9985,,,2008-09-30 15:52:52,,,,Agentes Políticos,X
10187,10186,,,2008-09-30 15:52:52,,,,Magistratura,X
13254,10187,,,2020-11-04 00:00:00,,,,Permuta ,X
13323,10187,,,2020-11-04 00:00:00,,,,Vitaliciamento ,X
9997,9985,,,2008-09-30 15:52:52,,,,Atos Administrativos,X
10015,9997,,,2008-09-30 15:52:52,,,,Fiscalização,X
14954,10015,Lei de Execução Penal,"66, VII",2021-09-30 00:00:00,,,,Inspeção em Estabelecimento Penal,X
14956,10015,Lei de Execução Penal,"66, VIII",2021-09-30 00:00:00,,,,Interdição de Estabelecimento Penal,X
10370,9985,,,2008-09-30 15:52:52,,,,Concurso Público / Edital,X
12959,10370,,,2020-11-04 00:00:00,,,,Cadastro Reserva ,X
11903,10370,,,2012-06-06 00:00:00,,,,Concurso para magistrado,X
11909,10370,,,2012-06-06 00:00:00,,,,Concurso para servidor,X
9986,9985,,,2008-09-30 15:52:52,,,,Garantias Constitucionais,X
14130,9986,Constituição Federal,,2021-01-18 00:00:00,,,,Sistema Prisional,X
14202,9985,"Lei 13,709/2018",1º,2021-01-20 00:00:00,,,,Lei Geral de Proteção de Dados (LGPD),X
14204,14202,Lei 13.709/2018,1º,2021-01-20 00:00:00,,,,Privacidade,X
14203,14202,Lei 13.709/2018,1º,2021-01-20 00:00:00,,,,Proteção de Dados Pessoais,X
10385,9985,L 8.666/1993,,2008-09-30 15:52:52,,,,Licitações ,X
10386,10385,Lei 8.666/93,art. 20 a 26,2008-09-30 15:52:52,2021-01-18 10:11:23,,,Modalidade / Limite,X
14133,10386,Lei 8.666/1993,"22, I",2021-01-18 00:00:00,,,,Concorrência,X
10219,9985,,,2008-09-30 15:52:52,,,,Servidor Público Civil,X
10287,10219,Lei 8112/90,19,2008-09-30 15:52:52,,,,Jornada de Trabalho,X
13186,10287,,,2020-11-04 00:00:00,,,,Horas Extras ,X
13209,10287,,,2020-11-04 00:00:00,,,,Intervalo ,X
10258,10219,,,2008-09-30 15:52:52,,,,Licenças / Afastamentos,X
10263,10258,L 8.112/1990,"102, VIII, b",2008-09-30 15:52:52,,,,Tratamento da Própria Saúde,X
899,,LICCvB,7,,,,,DIREITO CIVIL,X
14205,899,Lei 13.709/2018,1º,2021-01-20 00:00:00,,,,Lei Geral de Proteção de Dados (LGPD),X
14207,14205,Lei 13.709/2018,1º,2021-01-20 00:00:00,,,,Privacidade,X
14206,14205,"Lei 13,709/2018",1º,2021-01-20 00:00:00,,,,Proteção de Dados Pessoais,X
5754,899,Lei 10.406/02 (CCB),"Título I, Capítulo I",2008-09-30 15:52:52,,,,Pessoas naturais,X
15306,5754,Resolução CNJ n. 270/2018,1º,2024-03-15 11:26:37,,,,Nome Social,X
6191,,,,,,,,DIREITO INTERNACIONAL,X
15104,6191,Resolução CNJ n. 364; Recomendação CNJ n. 123,"1º e 2º, IV (Resolução 364); 1º (Recomendação 123)",2022-06-10 00:00:00,,,,Corte Interamericana de Direitos Humanos,X
15106,15104,Resolução CNJ n. 364; Recomendação CNJ n. 123,"1º e 2º, IV (Res. 364); 1º (Rec. 123)",2022-06-10 00:00:00,,,,Medidas Provisórias da Corte Interamericana de Direitos Humanos,X
15125,15106,Resolução CNJ n. 364; Recomendação CNJ n. 123,"1º e 2º, IV (Res. 364); 1º (Rec. 123)",2022-06-10 00:00:00,,,,"Caso da Unidade de Internação Socioeducativa, Espírito Santo",X
15122,15106,Resolução CNJ n. 364; Recomendação CNJ n. 123,"1º e 2º, IV (Res. 364); 1º (Rec. 123)",2022-06-10 00:00:00,,,,"Caso do Complexo Penitenciário de Pedrinhas, Maranhão",X
15123,15106,Resolução CNJ n. 364; Recomendação CNJ n. 123,"1º e 2º, IV (Res. 364); 1º (Rec. 123)",2022-06-10 00:00:00,,,,"Caso do Complexo Penitenciário do Curado, Pernambuco",X
15124,15106,Resolução CNJ n. 364; Recomendação CNJ n. 123,"1º e 2º, IV (Res. 364); 1º (Rec. 123)",2022-06-10 00:00:00,,,,"Caso do Instituto Penal Plácido de Sá Carvalho, Rio de Janeiro",X
15105,15104,Resolução CNJ n. 364; Recomendação CNJ n. 123,"1º e 2º, IV (Res. 364); 1º (Rec. 123)",2022-06-10 00:00:00,,,,Sentenças da Corte Interamericana de Direitos Humanos,X
15119,15105,Resolução CNJ n. 364; Recomendação CNJ n. 123,"1º e 2º, IV (Res. 364); 1º (Rec. 123)",2022-06-10 00:00:00,,,,Caso Airton Honorato vs. Brasil,X
15116,15105,Resolução CNJ n. 364; Recomendação CNJ n. 123,"1º e 2º, IV (Res. 364); 1º (Rec. 123)",2022-06-10 00:00:00,,,,Caso dos(as) Empregados(as) da Fábrica de Fogos de Santo Antônio de Jesus e seus Familiares vs. Brasil,X
15109,15105,Resolução CNJ n. 364; Recomendação CNJ n. 123,"1º e 2º, IV (Res. 364); 1º (Rec. 123)",2022-06-10 00:00:00,,,,Caso Escher e Outros vs. Brasil,X
15113,15105,Resolução CNJ n. 364; Recomendação CNJ n. 123,"1º e 2º, IV (Res. 364), 1º (Rec. 123)",2022-06-10 00:00:00,,,,Caso Favela Nova Brasília vs. Brasil,X
15110,15105,Resolução CNJ n. 364; Recomendação CNJ n. 123,"1º e 2º, IV (Res. 364); 1º (Rec. 123)",2022-06-10 00:00:00,,,,Caso Garibaldi vs. Brasil,X
15111,15105,Resolução CNJ n. 364; Recomendação CNJ n. 123,"1º e 2º, IV (Res. 364); 1º (Rec. 123)",2022-06-10 00:00:00,,,,"Caso Gomes Lund e Outros (""Guerrilha do Araguaia) vs. Brasil",X
15115,15105,Resolução CNJ n. 364; Recomendação CNJ n. 123,"1º e 2º, IV (Res. 364); 1º (Rec. 123)",2022-06-10 00:00:00,,,,Caso Herzog e Outros vs. Brasil,X
15117,15105,Resolução CNJ n. 364; Recomendação CNJ n. 123,"1º e 2º, IV (Res. 364); 1º (Rec. 123)",2022-06-10 00:00:00,,,,Caso Márcia Barbosa de Souza e Outros vs. Brasil,X
15118,15105,Resolução CNJ n. 364; Recomendação CNJ n. 123,"1º e 2º, IV (Res. 364); 1º (Rec. 123)",2022-06-10 00:00:00,,,,Caso Neusa dos Santos Nascimento e Outra vs. Brasil,X
15108,15105,Resolução CNJ n. 364; Recomendação CNJ n. 123,"1º e 2º, IV (Res. 364); 1] (Rec. 123)",2022-06-10 00:00:00,,,,Caso Nogueira de Carvalho e Outro vs. Brasil,X
15121,15105,Resolução CNJ n. 364; Recomendação CNJ n. 123,"1º e 2º, IV (Res. 364); 1º (Rec. 123)",2022-06-10 00:00:00,,,,Caso Sales Pimenta vs. Brasil,X
15120,15105,Resolução CNJ n. 364; Recomendação CNJ n. 123,"1º e 2º, IV (Res. 364); 1º (Rec. 123)",2022-06-10 00:00:00,,,,Caso Tavares Pereira e Outros vs. Brasil,X
287,,,,,,,,DIREITO PENAL,X
3692,287,DL 3688/41,arts. 18 a 70,2008-09-30 15:52:52,,,,Contravenções Penais,X
12772,3692,DL 3688/41,20,2020-07-15 00:00:00,,,,"Anúncio de Processo, Substância ou Objeto Destinado a Provocar Aborto ",X
12774,3692,DL 3688/41,23,2020-07-15 00:00:00,,,,Custódia de Doente Mental Sem Autorização do Responsável,X
14236,3692,DL 3688/1941,47,2021-01-28 00:00:00,,,,Exercício Ilegal de Profissão ou Atividade,X
12343,3692,DL 3688/41,18,2018-06-27 00:00:00,,,,"Fabrico, comércio ou detenção de arma branca ou munição",X
12773,3692,DL 3688/41,22,2020-07-15 00:00:00,,,,Internação Não Autorizada em Estabelecimento Psiquiátrico,X
12350,3692,DL 3688/1941,50,2018-06-27 00:00:00,,,,Jogo de azar,X
12352,3692,DL 3688/1941,58,2018-06-27 00:00:00,,,,Jogo do bicho,X
12351,3692,DL 3688/1941,51,2018-06-27 00:00:00,,,,Loteria não autorizada,X
12346,3692,DL 3688/41,31,2018-06-27 00:00:00,,,,Omissão de cautela na guarda ou condução de animal,X
12355,3692,DL 3688/1941,66,2018-06-27 00:00:00,,,,Omissão de comunicação de crime,X
12354,3692,DL 3688/1941,65,2018-06-27 00:00:00,,,,Perturbação da tranquilidade,X
12347,3692,DL 3688/1941,42,2018-06-27 00:00:00,,,,Perturbação do trabalho ou do sossego alheios,X
12344,3692,DL 3688/1941,19,2018-06-27 00:00:00,,,,Porte de arma (branca),X
12340,3692,DL 3688/41,40,2018-06-27 00:00:00,,,,Provocação de tumulto ou conduta inconveniente,X
12356,3692,DL 3688/1941,68,2018-06-27 00:00:00,,,,Recusa de dados sobre a própria identificação ou qualificação,X
12353,3692,DL 3688/1941,63,2018-06-27 00:00:00,,,,Servir bebidas alcóolicas a vulneráveis,X
12348,3692,DL 3688/1941,45,2018-06-27 00:00:00,,,,Simulação de Qualidade de Funcionário,X
12349,3692,Dl 3688/1941,47,2018-06-27 00:00:00,,,,Uso ilegítimo de uniforme ou distintivo,X
12345,3692,DL 3688/1941,21,2018-06-27 00:00:00,,,,Vias de fato,X
10950,287,"Código Penal, Estatuto da Criança e do Adolescente e Lei 13.431/2017","61, II, h (CP); 2º (ECA); 1° a 29 (Lei 13.431/2017)",2008-09-30 15:52:52,,,,Crime / Contravenção contra Criança / Adolescente,X
10951,287,CP; Lei 10.741/03,"CP, art. 61, II, h; Lei 10.741, art. 1º",2008-09-30 15:52:52,2009-05-28 17:06:31,,,Crime / Contravenção contra Idoso,X
5865,287,CP,"art. 18, II",2008-09-30 15:52:52,,,,Crime Culposo,X
5555,287,CP,"14, II",2008-09-30 15:52:52,,,,Crime Tentado,X
11414,287,,,2010-02-10 00:00:00,,,,Crime/contravenção decorrente de conflito fundiário coletivo,X
12342,287,CP e Lei 8.072/1990,"121, § 2º, VII; 129, § 12 (CP) e Art. 1º, I e II (Lei 8.072/1990)",2018-06-27 00:00:00,,,,"Crimes cometidos contra autoridade ou agente descrito nos arts. 142 e 143 da Constituição Federal, integrantes do sistema prisional e da Força Nacional de Segurança Pública",X
5874,287,,,2008-09-30 15:52:52,,,,Crimes Contra a Administração da Justiça,X
3588,5874,CP,353,2008-09-30 15:52:52,,,,Arrebatamento de preso ,X
3578,5874,CP,341,2008-09-30 15:52:52,,,,Auto-acusação falsa,X
3580,5874,CP,344,2008-09-30 15:52:52,,,,Coação no curso do processo ,X
3577,5874,CP,340,2008-09-30 15:52:52,,,,Comunicação falsa de crime ou de contravenção ,X
3576,5874,CP,339,2008-09-30 15:52:52,,,,Denunciação caluniosa ,X
3595,5874,CP,359,2008-09-30 15:52:52,,,,Desobediência a decisão judicial sobre perda ou suspensão de direitos ,X
11797,5874,CP,349-A,2011-08-03 00:00:00,,,,Entrada de aparelho telefônico de comunicação móvel em estabelecimento prisional,X
3587,5874,CP,352,2008-09-30 15:52:52,,,,Evasão mediante violência contra a pessoa ,X
3581,5874,CP,345 e 346,2008-09-30 15:52:52,,,,Exercício arbitrário das próprias razões ,X
3585,5874,CP,350,2008-09-30 15:52:52,,,,Exercício arbitrário ou abuso de poder ,X
3593,5874,CP,357,2008-09-30 15:52:52,,,,Exploração de prestígio ,X
3579,5874,CP,342 e 343,2008-09-30 15:52:52,,,,Falso testemunho ou falsa perícia ,X
3583,5874,CP,348,2008-09-30 15:52:52,,,,Favorecimento pessoal ,X
3584,5874,CP,349,2008-09-30 15:52:52,,,,Favorecimento real ,X
3582,5874,CP,347,2008-09-30 15:52:52,,,,Fraude processual,X
3586,5874,CP,351,2008-09-30 15:52:52,,,,Fuga de pessoa presa ou submetida a medida de segurança ,X
3589,5874,CP,354,2008-09-30 15:52:52,,,,Motim de presos ,X
3590,5874,CP,"355, caput",2008-09-30 15:52:52,,,,Patrocínio infiel ,X
3591,5874,CP,"355, § único",2008-09-30 15:52:52,,,,Patrocínio simultâneo ou tergiversação ,X
3575,5874,CP,338,2008-09-30 15:52:52,,,,Reingresso de estrangeiro expulso ,X
3592,5874,CP,356,2008-09-30 15:52:52,,,,Sonegação de papel ou objeto de valor probatório ,X
3594,5874,CP,358,2008-09-30 15:52:52,,,,Violência ou fraude em arrematação judicial,X
3463,287,,,2008-09-30 15:52:52,2010-03-05 10:38:50,,,Crimes contra a Dignidade Sexual,X
5851,3463,CP,216-A,2008-09-30 15:52:52,,,,Assédio Sexual,X
3467,3463,CP,Art. 216,2008-09-30 15:52:52,,,,Atentado ao Pudor Mediante Fraude,X
3466,3463,CP,214,2008-09-30 15:52:52,,,,Atentado Violento ao Pudor ,X
14705,3463,CP,233,2021-05-28 00:00:00,,,,Ato Obsceno,X
5853,3463,CP,229,2008-09-30 15:52:52,,,,Casa de Prostituição,X
3468,3463,CP,Art. 218,2008-09-30 15:52:52,,,,Corrupção de Menores,X
12398,3463,"Lei 13.718, de 2018",Art. 2º,2018-11-19 00:00:00,,,,"Divulgação de cena de estupro, sexo ou pornografia",X
14706,3463,CP,234,2021-05-28 00:00:00,,,,Escrito ou Objeto Obsceno,X
3465,3463,CP,213,2008-09-30 15:52:52,,,,Estupro ,X
11417,3463,CP,217-A,2010-03-05 00:00:00,,,,Estupro de vulnerável,X
5852,3463,CP,228,2008-09-30 15:52:52,,,,Favorecimento da Prostituição,X
11420,3463,CP,228,2010-03-05 00:00:00,,,,Favorecimento da prostituição ou outra forma de exploração sexual,X
11419,3463,CP,218-B,2010-03-05 00:00:00,,,,Favorecimento da prostituição ou outra forma de exploração sexual de vulnerável ,X
12397,3463,"Lei 13.718, de 2018",Art. 2º,2018-11-19 00:00:00,,,,Importunação Sexual,X
3471,3463,CP,227,2008-09-30 15:52:52,,,,Mediação para Servir a Lascívia de Outrem ,X
5850,3463,CP,215,2008-09-30 15:52:52,,,,Posse Sexual Mediante Fraude,X
14704,3463,CP,232-A,2021-05-28 00:00:00,,,,Promoção de Migração Ilegal,X
14703,3463,CP,216-B,2021-05-28 00:00:00,,,,Registro Não Autorizado da Intimidade Sexual,X
5854,3463,CP,230,2008-09-30 15:52:52,,,,Rufianismo,X
11418,3463,CP,218-A,2010-03-05 00:00:00,,,,Satisfação de lascívia mediante presença de criança ou adolescente ,X
11421,3463,CP,231,2010-03-05 00:00:00,,,,Tráfico internacional de pessoa para fim de exploração sexual,X
5855,3463,CP,231,2008-09-30 15:52:52,,,,Tráfico Internacional de Pessoas,X
11422,3463,CP,231-A,2010-03-05 00:00:00,,,,Tráfico interno de pessoa para fim de exploração sexual,X
5856,3463,CP,231-A,2008-09-30 15:52:52,,,,Tráfico Interno de Pessoas,X
3469,3463,CP,233 e 234,2008-09-30 15:52:52,2021-05-28 16:25:52,,,Ultraje Público ao Pudor (Ato/Escrito Obsceno),X
11416,3463,CP,215,2010-03-05 00:00:00,,,,Violação sexual mediante fraude,X
3472,287,,,2008-09-30 15:52:52,,,,Crimes contra a Família,X
3488,3472,,,2008-09-30 15:52:52,,,,Crime contra o Pátrio-Poder e Tutela,X
3489,3488,CP,248,2008-09-30 15:52:52,,,,"Induzimento a Fuga, Entrega Arbitrária ou Sonegação de Incapazes",X
3490,3488,CP,249,2008-09-30 15:52:52,,,,Subtração de Incapazes ,X
3473,3472,,,2008-09-30 15:52:52,,,,Crimes Contra a Assistência Familiar,X
3475,3473,CP,246 e 247,2008-09-30 15:52:52,,,,Abandono Intelectual,X
3474,3473,CP,244,2008-09-30 15:52:52,,,,Abandono Material,X
3476,3473,CP,245,2008-09-30 15:52:52,,,,Entrega de Filho Menor a Pessoa Inidônea,X
3477,3472,,,2008-09-30 15:52:52,,,,Crimes contra o Casamento,X
3479,3477,CP,235,2008-09-30 15:52:52,,,,Bigamia,X
3480,3477,CP,237,2008-09-30 15:52:52,,,,Conhecimento Prévio de Impedimento ,X
3481,3477,CP,236,2008-09-30 15:52:52,,,,Induzimento a erro essencial e ocultação de impedimento,X
3483,3477,CP,238,2008-09-30 15:52:52,,,,Simulação de Autoridade para Celebração de Casamento,X
3482,3477,CP,239,2008-09-30 15:52:52,,,,Simulação de Casamento,X
3484,3472,,,2008-09-30 15:52:52,,,,Crimes Contra o Estado de Filiação,X
3485,3484,CP,242,2008-09-30 15:52:52,,,,Parto Suposto ,X
3486,3484,CP,241,2008-09-30 15:52:52,,,,Registro de Nascimento Inexistente,X
3487,3484,CP,241,2008-09-30 15:52:52,,,,Sonegação do Estado de Filiação,X
3523,287,CP,287,2008-09-30 15:52:52,,,,Crimes contra a Fé Pública,X
3546,3523,CP,311,2008-09-30 15:52:52,,,,Adulteração de Sinal Identificador de Veículo Automotor,X
10992,3523,Código Penal (DL 2.848/1940),311,2009-05-28 00:00:00,,,,Adulteração de Sinal Identificador de Veículo Automotor por Funcionário Público,X
3535,3523,CP,"301, caput",2008-09-30 15:52:52,,,,Certidão ou atestado ideologicamente falso ,X
11006,3523,Código Penal,289,2009-06-08 00:00:00,,,,Crime de Desvio e/ou Circulação de Moeda Não Autorizada,X
11007,3523,Código Penal,289,2009-06-08 00:00:00,,,,Crime de Moeda Falsa Praticado por Funcionário Público,X
3528,3523,CP,292,2008-09-30 15:52:52,,,,Emissão de título ao portador sem permissão legal ,X
3542,3523,CP,307 e 308,2008-09-30 15:52:52,,,,Falsa identidade ,X
3537,3523,CP,302,2008-09-30 15:52:52,,,,Falsidade de atestado médico ,X
3533,3523,CP,299,2008-09-30 15:52:52,,,,Falsidade ideológica ,X
10995,3523,CP,299,2009-05-28 00:00:00,,,,Falsidade ideológica praticada por Funcionário Público,X
3536,3523,CP,"art. 301, § 1º",2008-09-30 15:52:52,,,,Falsidade material de atestado ou certidão ,X
3532,3523,CP,298,2008-09-30 15:52:52,2009-05-28 17:07:03,,,Falsificação de documento particular ,X
3531,3523,CP,297,2008-09-30 15:52:52,,,,Falsificação de documento público,X
10998,3523,CP,297,2009-05-28 00:00:00,2009-05-28 17:10:06,,,Falsificação de documento Público praticada por Funcionário Público,X
3529,3523,CP,293,2008-09-30 15:52:52,,,,Falsificação de papéis públicos ,X
11005,3523,Código Penal,293 e 295,2009-06-08 00:00:00,,,,Falsificação de Papéis Públicos Praticado por Funcionário Público,X
3530,3523,CP,296,2008-09-30 15:52:52,,,,Falsificação do selo ou sinal público ,X
11004,3523,Código Penal,296,2009-06-08 00:00:00,,,,Falsificação do Selo ou Sinal Público Praticado por Funcionário Público,X
3541,3523,CP,306,2008-09-30 15:52:52,,,,"Falsificação do sinal empregado no contraste de metal precioso ou na fiscalização alfandegária, ou para outros fins ",X
3534,3523,CP,300,2008-09-30 15:52:52,,,,Falso reconhecimento de firma ou letra,X
3543,3523,CP,309 e 310,2008-09-30 15:52:52,,,,Fraude de lei sobre estrangeiros,X
14731,3523,CP,311-A,2021-07-30 00:00:00,,,,Fraudes em Certames de Interesse Público,X
3524,3523,CP,289 e parágrafos e 290,2008-09-30 15:52:52,,,,Moeda Falsa / Assimilados,X
3545,3523,CP,294 e 295,2008-09-30 15:52:52,,,,Petrechos de Falsificação de Papéis Públicos,X
10993,3523,CP,294 e 295,2009-05-28 00:00:00,,,,Petrechos de Falsificação de Papéis Públicos por Funcionário Público,X
3527,3523,CP,291,2008-09-30 15:52:52,,,,Petrechos para falsificação de moeda ,X
10994,3523,CP,294 e 295,2009-05-28 00:00:00,,,,Petrechos para falsificação de moeda por Funcionário Público,X
3538,3523,CP,303,2008-09-30 15:52:52,,,,Reprodução ou adulteração de selo ou peça filatélica ,X
3540,3523,CP,305,2008-09-30 15:52:52,,,,Supressão de documento ,X
3539,3523,CP,304,2008-09-30 15:52:52,,,,Uso de documento falso ,X
3394,287,,,2008-09-30 15:52:52,,,,Crimes contra a Honra,X
3395,3394,CP,138,2008-09-30 15:52:52,,,,Calúnia,X
3396,3394,CP,139,2008-09-30 15:52:52,,,,Difamação,X
3397,3394,,,2008-09-30 15:52:52,,,,Injúria,X
12543,3397,CP,"140, §3º",2019-07-09 00:00:00,,,,Preconceituosa,X
14101,12543,,,2020-12-04 00:00:00,2023-03-31 13:51:20,,,(Fato até 10/01/2023) Injúria Preconceituosa em Razão de Cor,X
14102,12543,,,2020-12-04 00:00:00,2023-03-31 13:43:28,,,(Fato até 10/01/2023) Injúria Preconceituosa em Razão de Etnia,X
14107,12543,,,2020-12-04 00:00:00,2024-03-15 12:22:49,,,(Fato até 10/01/2023) Injúria Preconceituosa em Razão de Identidade de Gênero,X
14106,12543,,,2020-12-04 00:00:00,2024-03-15 12:20:31,,,(Fato até 10/01/2023) Injúria Preconceituosa em Razão de Orientação Sexual,X
14103,12543,,,2020-12-04 00:00:00,2023-03-31 13:57:58,,,(Fato até 10/01/2023) Injúria Preconceituosa em Razão de Origem,X
14100,12543,,,2020-12-04 00:00:00,2023-03-31 13:54:33,,,(Fato até 10/01/2023) Injúria Preconceituosa em Razão de Raça,X
14104,12543,,,2020-12-04 00:00:00,,,,Condição de Pessoa Idosa,X
14105,12543,,,2020-12-04 00:00:00,,,,Condição de Pessoa Portadora de Deficiência,X
15126,12543,Código Penal,"140, § 3º",2022-06-13 00:00:00,,,,Religião,X
12542,3397,CP,"140, §2º",2019-07-09 00:00:00,,,,Real,X
12544,3397,CP,"140, caput",2019-07-09 00:00:00,,,,Simples,X
3491,287,,,2008-09-30 15:52:52,,,,Crimes contra a Incolumidade Pública,X
3502,3491,CP,264,2008-09-30 15:52:52,,,,Arremesso de projétil,X
3503,3491,CP,265,2008-09-30 15:52:52,,,,Atentado contra a segurança de serviços de utilidade pública ,X
3501,3491,CP,"261, 262 e 263",2008-09-30 15:52:52,,,,Atentado contra a segurança de transporte público,X
3510,3491,CP,283,2008-09-30 15:52:52,,,,Charlatanismo ,X
3511,3491,CP,271,2008-09-30 15:52:52,,,,Corrupção ou Poluição de Água Potável,X
3512,3491,CP,284,2008-09-30 15:52:52,,,,Curandeirismo ,X
3496,3491,CP,256,2008-09-30 15:52:52,,,,Desabamento ou desmoronamento,X
11969,3491,CP,"Art. 256, parágrafo único",2013-09-18 00:00:00,,,,Desabamento ou desmoronamento culposo,X
3500,3491,CP,260,2008-09-30 15:52:52,,,,Desastre ferroviário / Perigo de Desastre Ferroviário,X
11972,3491,CP,"Art. 260, §2º",2013-09-18 00:00:00,,,,Desastre ferroviário culposo,X
11958,3491,CP,"Art. 259, parágrafo único",2013-09-17 00:00:00,,,,Difusão culposa de doença ou praga,X
3498,3491,CP,259,2008-09-30 15:52:52,,,,Difusão de doença ou praga,X
3506,3491,CP,274,2008-09-30 15:52:52,,,,Emprego de Processo Proibido/Substância não permitida,X
3513,3491,CP,270,2008-09-30 15:52:52,,,,Envenenamento de Água Potável / Substância Alimentícia ou Medicinal,X
3505,3491,CP,267,2008-09-30 15:52:52,,,,Epidemia ,X
3509,3491,CP,282,2008-09-30 15:52:52,,,,"Exercício Ilegal da Medicina, Arte Dentária ou Farmacêutica",X
3493,3491,CP,251,2008-09-30 15:52:52,,,,Explosão ,X
11963,3491,CP,"Art. 251, §3º",2013-09-18 00:00:00,,,,Explosão culposa,X
5862,3491,CP,253,2008-09-30 15:52:52,,,,Fabrico / Fornecimento / Aquisição / Posse ou Transporte de Explosivos ou Gás Tóxico ou Asfixiante,X
3508,3491,CP,273,2008-09-30 15:52:52,,,,Falsificação / Corrupção / Adulteração / Alteração de produto destinado a fins terapêuticos ou medicinais,X
3514,3491,CP,272,2008-09-30 15:52:52,,,,Falsificação / Corrupção / Adulteração / Alteração de Substância ou Produtos Alimentícios,X
3492,3491,CP,250,2008-09-30 15:52:52,,,,Incêndio,X
11961,3491,CP,"Art. 250, §2º",2013-09-18 00:00:00,,,,Incêndio culposo,X
3515,3491,CP,268,2008-09-30 15:52:52,,,,Infração de Medida Sanitária Preventiva,X
3504,3491,CP,266,2008-09-30 15:52:52,,,,Interrupção /perturbação de serviços telegráficos/telefônicos,X
3495,3491,CP,254 e 255,2008-09-30 15:52:52,,,,Inundação / Perigo de Inundação,X
11967,3491,CP,"Art. 252, parte final",2013-09-18 00:00:00,,,,Inundação culposa,X
3507,3491,CP,275,2008-09-30 15:52:52,,,,Invólucro ou recipiente com falsa indicação ,X
5867,3491,CP,280,2008-09-30 15:52:52,,,,Medicamento em Desacordo com Receita Médica,X
3516,3491,CP,269,2008-09-30 15:52:52,,,,Omissão de Notificação de Doença,X
3517,3491,CP,278,2008-09-30 15:52:52,,,,Outras Substâncias Nocivas a Saúde Pública ,X
3519,3491,CP,277,2008-09-30 15:52:52,,,,Substância Destinada à Falsificação,X
3497,3491,CP,257,2008-09-30 15:52:52,,,,"Subtração, ocultação ou inutilização de material de salvamento",X
11966,3491,CP,"252, parágrafo único",2013-09-18 00:00:00,,,,Uso culposo de gás tóxico ou asfixiante,X
3494,3491,CP,252,2008-09-30 15:52:52,,,,Uso de gás tóxico ou asfixiante ,X
5866,3491,CP,276,2008-09-30 15:52:52,,,,Venda de Produtos ou Substância nas Condições dos Artigos 274 e 275 ,X
3407,287,,,2008-09-30 15:52:52,,,,Crimes contra a inviolabilidade de correspondência,X
3409,3407,CP,"151, § 1º, I",2008-09-30 15:52:52,,,,Sonegação ou destruição de correspondência ,X
3410,3407,CP,"art. 151, § 1º, II, III e IV",2008-09-30 15:52:52,,,,"Violação de comunicação telegráfica, radioelétrica ou telefônica ",X
3408,3407,CP,"151, caput",2008-09-30 15:52:52,,,,Violação de correspondência ,X
3411,3407,CP,152,2008-09-30 15:52:52,,,,Violação de Correspondência comercial ,X
3405,287,,,2008-09-30 15:52:52,,,,Crimes contra a inviolabilidade de domicílio,X
3406,3405,CP,150,2008-09-30 15:52:52,,,,Violação de domicílio ,X
3412,287,,,2008-09-30 15:52:52,,,,Crimes contra a inviolabilidade de segredo,X
3413,3412,CP,153,2008-09-30 15:52:52,,,,Divulgação de segredo ,X
11978,3412,CP,154-A,2014-02-18 00:00:00,,,,Invasão de Dispositivo Informático,X
3414,3412,CP,154,2008-09-30 15:52:52,,,,Violação do segredo profissional ,X
3400,287,,,2008-09-30 15:52:52,,,,Crimes contra a liberdade pessoal,X
3402,3400,CP,147,2008-09-30 15:52:52,,,,Ameaça ,X
3401,3400,CP,146,2008-09-30 15:52:52,,,,Constrangimento ilegal ,X
15482,3400,Código Penal,"146-A, caput",2024-11-11 17:56:38,,,,Intimidação Sistemática (Bullying),X
15483,3400,Código Penal,"146-A, parágrafo único",2024-11-11 18:01:58,,,,Intimidação Sistemática Virtual (Cyberbullying),X
14684,3400,CP,147-A,2021-05-28 00:00:00,,,,Perseguição,X
3404,3400,CP,149,2008-09-30 15:52:52,,,,Redução a condição análoga à de escravo ,X
3403,3400,CP,148,2008-09-30 15:52:52,,,,Seqüestro e cárcere privado ,X
3445,287,,,2008-09-30 15:52:52,,,,Crimes contra a Organização do Trabalho,X
3455,3445,CP,207,2008-09-30 15:52:52,,,,Aliciamento de trabalhadores de um local para outro do território nacional,X
3454,3445,CP,206,2008-09-30 15:52:52,,,,Aliciamento para fins de emigração,X
3448,3445,CP,199,2008-09-30 15:52:52,,,,Atentado contra a liberdade de associação,X
3447,3445,CP,198,2008-09-30 15:52:52,,,,Atentado contra a liberdade de contrato de trabalho e boicotagem violenta,X
3446,3445,CP,197,2008-09-30 15:52:52,,,,Atentado contra a liberdade de trabalho,X
3453,3445,CP,205,2008-09-30 15:52:52,,,,Exercício de atividade com infração de decisão administrativa ,X
3452,3445,CP,203,2008-09-30 15:52:52,,,,Frustração de direitos assegurados por lei trabalhista,X
3456,3445,CP,204,2008-09-30 15:52:52,,,,Frustração de lei sobre a nacionalização do trabalho ,X
3451,3445,CP,202,2008-09-30 15:52:52,,,,"Invasão de estabelecimento industrial, comercial ou agrícola. Sabotagem",X
3450,3445,CP,201,2008-09-30 15:52:52,,,,Paralisação de trabalho de interesse coletivo,X
3449,3445,CP,200,2008-09-30 15:52:52,,,,"Paralisação de trabalho, seguida de violência ou perturbação da ordem",X
3520,287,,,2008-09-30 15:52:52,,,,Crimes contra a Paz Pública,X
5870,3520,CP,287,2008-09-30 15:52:52,,,,Apologia de Crime ou Criminoso,X
14685,3520,CP,288,2021-05-28 00:00:00,,,,Associação Criminosa,X
14689,3520,CP,288-A,2021-05-28 00:00:00,,,,Constituição de Milícia Privada,X
5869,3520,CP,286,2008-09-30 15:52:52,,,,Incitação ao Crime,X
3521,3520,CP,288,2008-09-30 15:52:52,,,,Quadrilha ou Bando,X
3442,287,,,2008-09-30 15:52:52,,,,Crimes contra a Propriedade Intelectual,X
3443,3442,CP e Lei 9.609/98,art. 184 e art 12,2008-09-30 15:52:52,,,,Violação de direito autoral,X
3369,287,,,2008-09-30 15:52:52,,,,Crimes contra a vida,X
10915,3369,,,2008-09-30 15:52:52,,,,Aborto,X
10917,10915,CP,124,2008-09-30 15:52:52,,,,Aborto provocado pela gestante ou com o seu consentimento,X
10918,10915,CP,125 e 126,2008-09-30 15:52:52,,,,Aborto provocado por terceiro,X
10919,10915,CP,127,2008-09-30 15:52:52,,,,Aborto qualificado,X
12091,3369,Código Penal (Decreto-Lei 2.848/1940),"Art. 121, § 2º, VI e §2º-A",2016-08-09 00:00:00,,,,Feminicídio,X
12130,3369,Código Penal,"121, § 6º",2016-09-05 00:00:00,2016-09-05 14:28:48,,,Homicídio Agravado pela Prática de Extermínio de Seres Humanos,X
3371,3369,CP,"121, § 1º",2008-09-30 15:52:52,,,,Homicídio Privilegiado,X
3372,3369,CP,"121, § 2º",2008-09-30 15:52:52,,,,Homicídio Qualificado,X
3370,3369,CP,"121, caput",2008-09-30 15:52:52,,,,Homicídio Simples,X
3373,3369,CP,122,2008-09-30 15:52:52,,,,"Induzimento, Instigação ou Auxílio a Suicídio",X
3375,3369,CP,123,2008-09-30 15:52:52,,,,Infanticídio,X
5875,287,CP,359-A a 359-H,2008-09-30 15:52:52,,,,Crimes Contra as Finanças Públicas,X
5905,5875,CP,359-C,2008-09-30 15:52:52,2009-06-05 08:56:14,,,Assunção de Obrigação no Último Ano do Mandato ou Legislatura,X
5909,5875,CP,359-G,2008-09-30 15:52:52,,,,Aumento de Despesa com Pessoal no Último Ano do Mandato ou Legislatura,X
5903,5875,CP,359-A,2008-09-30 15:52:52,,,,Contratação de Operação de Crédito,X
10991,5875,DL 201/1967,1°,2009-05-28 00:00:00,,,,Corrupção Praticada por Prefeitos e Vereadores,X
5904,5875,CP,359-B,2008-09-30 15:52:52,,,,Inscrição de Despesas Não Empenhadas,X
10988,5875,,,2009-05-28 00:00:00,2009-05-28 14:43:35,,,Má gestão,X
10990,5875,DL 201/1967,1°,2009-05-28 00:00:00,,,,Má-gestão praticada por Prefeitos e Vereadores,X
5908,5875,CP,359-F,2008-09-30 15:52:52,,,,Não Cancelamento de Restos a Pagar,X
5910,5875,CP,359-H,2008-09-30 15:52:52,,,,Oferta Pública ou Colocação de Títulos no Mercado,X
5906,5875,CP,359-D,2008-09-30 15:52:52,,,,Ordenação de Despesa Não Autorizada,X
5907,5875,CP,359-E,2008-09-30 15:52:52,,,,Prestação de Garantia Graciosa,X
3415,287,,,2008-09-30 15:52:52,,,,Crimes contra o Patrimônio,X
5842,3415,CP,173,2008-09-30 15:52:52,,,,Abuso de Incapazes,X
5836,3415,CP,"171, § 2º, II",2008-09-30 15:52:52,,,,Alienação ou Oneração Fraudulenta de Coisa Própria,X
3423,3415,CP,"161, caput",2008-09-30 15:52:52,,,,Alteração de limites ,X
3429,3415,CP,166,2008-09-30 15:52:52,,,,Alteração de local especialmente protegido,X
5573,3415,CP,"169, Parágrafo Único, II.",2008-09-30 15:52:52,,,,Apropriação de Coisa Achada,X
3437,3415,CP,169,2008-09-30 15:52:52,,,,"Apropriação de Coisa Havida por Erro, Caso Fortuito ou Força da Natureza",X
5572,3415,I,169,2008-09-30 15:52:52,,,,Apropriação de Tesouro,X
3436,3415,CP,"168, caput",2008-09-30 15:52:52,,,,Apropriação indébita,X
3430,3415,CP e Lei 8.212/91,art. 168-A,2008-09-30 15:52:52,,,,Apropriação indébita Previdenciária ,X
3426,3415,CP,163,2008-09-30 15:52:52,,,,Dano,X
3428,3415,CP,165,2008-09-30 15:52:52,,,,"Dano em coisa de valor artístico, arqueológico ou histórico",X
5571,3415,CP,"163, parágrafo único",2008-09-30 15:52:52,,,,Dano Qualificado,X
14698,3415,CP,"163, parágrafo único, III",2021-05-28 00:00:00,,,,Dano Qualificado contra a Administração Pública,X
5837,3415,CP,"171, § 2º, III",2008-09-30 15:52:52,,,,Defraudação de Penhor,X
5835,3415,CP,"171, § 2º, I",2008-09-30 15:52:52,,,,Disposição de coisa alheia como própria,X
5841,3415,CP,172,2008-09-30 15:52:52,,,,Duplicata Simulada,X
5846,3415,CP,178,2008-09-30 15:52:52,,,,"Emissão Irregular de Conhecimento de Depósito ou ""Warrant""",X
3425,3415,CP e Lei n. 5.741/71,"161, II e art. 9º",2008-09-30 15:52:52,,,,Esbulho possessório,X
3431,3415,CP,171,2008-09-30 15:52:52,,,,Estelionato,X
3432,3415,CP,"171, 3º",2008-09-30 15:52:52,,,,Estelionato Majorado ,X
3420,3415,CP,158,2008-09-30 15:52:52,,,,Extorsão ,X
3422,3415,CP,160,2008-09-30 15:52:52,,,,Extorsão indireta,X
5569,3415,CP,"159, § 2º",2008-09-30 15:52:52,,,,Extorsão mediante Sequestro Seguida de Lesão Corporal Grave,X
3421,3415,CP,159,2008-09-30 15:52:52,,,,Extorsão mediante seqüestro ,X
5568,3415,CP,"159, § 3º",2008-09-30 15:52:52,,,,Extorsão mediante Seqüestro Seguida de Morte,X
3434,3415,CP,179,2008-09-30 15:52:52,,,,Fraude à execução ,X
5838,3415,CP,"171, § 2º, IV",2008-09-30 15:52:52,,,,Fraude na Entrega de Coisa,X
5844,3415,CP,175,2008-09-30 15:52:52,,,,Fraude no Comércio,X
5840,3415,CP,"171, § 2º, VI",2008-09-30 15:52:52,,,,Fraude no Pagamento por Meio de Cheque,X
5839,3415,CP,"171, § 2º, V",2008-09-30 15:52:52,,,,Fraude para Recebimento de Indenização ou Valor de Seguro,X
5845,3415,CP,177,2008-09-30 15:52:52,,,,Fraudes e Abusos na Fundação ou Administração de Sociedade por Ações,X
3416,3415,CP,155,2008-09-30 15:52:52,,,,Furto ,X
3418,3415,CP,156,2008-09-30 15:52:52,,,,Furto de coisa comum ,X
5565,3415,CP,"155, § 5º",2008-09-30 15:52:52,,,,Furto de Veículo Automotor a ser Transportado para outro Estado ou Exterior,X
5564,3415,CP,"155, § 2º",2008-09-30 15:52:52,,,,Furto Privilegiado,X
3417,3415,CP,"155, § 4o.",2008-09-30 15:52:52,,,,Furto Qualificado ,X
5843,3415,CP,174,2008-09-30 15:52:52,,,,Induzimento à Especulação,X
3427,3415,CP,164,2008-09-30 15:52:52,,,,Introdução ou abandono de animais em propriedade alheia,X
5567,3415,CP,"157, § 3º, 2ª parte",2008-09-30 15:52:52,,,,Latrocínio,X
3433,3415,CP,176,2008-09-30 15:52:52,,,,Outras fraudes,X
3435,3415,CP,"180, caput",2008-09-30 15:52:52,,,,Receptação,X
11959,3415,CP,"Art. 180, §3º",2013-09-18 00:00:00,,,,Receptação culposa,X
5847,3415,CP,"180, § 2º",2008-09-30 15:52:52,,,,Receptação Qualificada,X
3419,3415,CP,"157, caput",2008-09-30 15:52:52,,,,Roubo ,X
5566,3415,CP,"157, § 2º",2008-09-30 15:52:52,,,,Roubo Majorado,X
5570,3415,CP,162,2008-09-30 15:52:52,,,,Supressão ou Alteração de Marca em Animais,X
3424,3415,CP,"161, I",2008-09-30 15:52:52,,,,Usurpação de águas ,X
3457,287,,,2008-09-30 15:52:52,,,,Crimes contra o sentimento religioso e contra o respeito aos mortos,X
3458,3457,CP,211,2008-09-30 15:52:52,,,,Destruição / Subração / Ocultação de Cadáver,X
3459,3457,CP,209,2008-09-30 15:52:52,,,,Impedimento ou Perturbação de Cerimônia Funerária,X
3462,3457,CP,208,2008-09-30 15:52:52,,,,Ultraje / Impedimento ou Perturbação de Culto Religioso,X
3460,3457,CP,212,2008-09-30 15:52:52,,,,Vilipêndio a Cadáver,X
3461,3457,CP,210,2008-09-30 15:52:52,,,,Violação a Sepultura ,X
15373,287,Código Penal,337-E a 337-O,2024-07-30 17:45:23,,,,Crimes em Licitações e Contratos Administrativos,X
15380,15373,Código Penal,337-K,2024-07-31 08:19:55,,,,Afastamento de Licitante,X
15374,15373,Código Penal,337-E,2024-07-30 17:52:17,,,,Contratação Direta Ilegal,X
15382,15373,Código Penal,337-M,2024-07-31 08:26:35,,,,Contratação Inidônea,X
15381,15373,Código Penal,337-L,2024-07-31 08:22:50,,,,Fraude em Licitação ou Contrato,X
15375,15373,Código Penal,337-F,2024-07-30 17:57:19,,,,Frustração do Caráter Competitivo de Licitação,X
15383,15373,Código Penal,337-N,2024-07-31 08:29:23,,,,Impedimento Indevido,X
15377,15373,Código Penal,337-H,2024-07-31 08:10:19,,,,Modificação ou Pagamento Irregular em Contrato Administrativo,X
15384,15373,Código Penal,337-O,2024-07-31 08:33:43,2024-07-31 08:34:38,,,Omissão Grave de Dado ou de Informação por Projetista,X
15376,15373,Código Penal,337-G,2024-07-30 18:00:59,,,,Patrocínio de Contratação Indevida,X
15378,15373,Código Penal,337-I,2024-07-31 08:13:33,,,,Perturbação de Processo Licitatório,X
15379,15373,Código Penal,337-J,2024-07-31 08:17:19,,,,Violação de Sigilo em Licitação,X
3547,287,,,2008-09-30 15:52:52,,,,Crimes Praticados por Funcionários Públicos Contra a Administração em Geral,X
10982,3547,Lei 9.613/1998,1°,2009-05-28 00:00:00,,,,"""Lavagem"" ou Ocultação de Bens, Direitos ou Valores Oriundos de Corrupção",X
3561,3547,CP,323,2008-09-30 15:52:52,,,,Abandono de função ,X
3559,3547,CP,321,2008-09-30 15:52:52,,,,Advocacia administrativa ,X
3553,3547,CP,"art. 316, caput",2008-09-30 15:52:52,,,,Concussão ,X
3558,3547,CP,320,2008-09-30 15:52:52,,,,Condescendência criminosa,X
3555,3547,CP,"317, caput e § 2º",2008-09-30 15:52:52,,,,Corrupção passiva ,X
3552,3547,CP,315,2008-09-30 15:52:52,,,,Emprego irregular de verbas ou rendas públicas ,X
3554,3547,CP,"316, §§ 1º e 2º",2008-09-30 15:52:52,,,,Excesso de exação ,X
3562,3547,CP,324,2008-09-30 15:52:52,,,,Exercício funcional ilegalmente antecipado ou prolongado ,X
3551,3547,CP,314,2008-09-30 15:52:52,,,,"Extravio, sonegação ou inutilização de livro ou documento ",X
3556,3547,CP,318,2008-09-30 15:52:52,,,,Facilitação de contrabando ou descaminho ,X
3596,3547,CP,313-A,2008-09-30 15:52:52,,,,Inserção de dados falsos em sistema de informações ,X
3597,3547,CP,313-B,2008-09-30 15:52:52,,,,Modificação ou alteração não autorizada de sistema de informações ,X
3548,3547,CP,"art. 312, caput e § 1º",2008-09-30 15:52:52,,,,Peculato,X
3550,3547,CP,313,2008-09-30 15:52:52,,,,Peculato mediante erro de outrem,X
3557,3547,CP,319 e 319-A,2008-09-30 15:52:52,,,,Prevaricação,X
3564,3547,CP,326,2008-09-30 15:52:52,,,,Violação do sigilo de proposta de concorrência ,X
3563,3547,CP,325,2008-09-30 15:52:52,,,,Violação do sigilo funcional ,X
3560,3547,CP,322,2008-09-30 15:52:52,,,,Violência arbitrária ,X
5872,287,Lei 6.453/77,1°,2008-09-30 15:52:52,,,,Crimes Praticados por Particular Contra a Administração em Geral,X
10983,5872,Lei 9613/1998,1°,2009-05-28 00:00:00,,,,"""Lavagem"" ou Ocultação de Bens, Direitos ou Valores Oriundos de Corrupção",X
3574,5872,CP,334,2008-09-30 15:52:52,,,,Contrabando ou descaminho ,X
3568,5872,CP,333,2008-09-30 15:52:52,,,,Corrupção ativa ,X
3573,5872,CP,331,2008-09-30 15:52:52,,,,Desacato ,X
3572,5872,CP,330,2008-09-30 15:52:52,,,,Desobediência ,X
3569,5872,CP,335,2008-09-30 15:52:52,,,,"Impedimento, perturbação ou fraude de concorrência",X
3570,5872,CP,336,2008-09-30 15:52:52,,,,Inutilização de edital ou de sinal ,X
3566,5872,CP,art. 329,2008-09-30 15:52:52,,,,Resistência ,X
3598,5872,CP e Lei 8.212/91,337-A,2008-09-30 15:52:52,,,,Sonegação de contribuição previdenciária ,X
3571,5872,CP,"337, caput",2008-09-30 15:52:52,,,,Subtração ou inutilização de livro ou documento ,X
3567,5872,CP,332,2008-09-30 15:52:52,,,,Tráfico de influência ,X
3565,5872,CP,art 328,2008-09-30 15:52:52,,,,Usurpação de função pública ,X
5873,287,CP,arts. 337-B a 337-D,2008-09-30 15:52:52,,,,Crimes Praticados por Particular Contra a Administração Pública Estrangeira,X
10984,5873,Lei 9.613/1998,1°,2009-05-28 00:00:00,,,,"""Lavagem"" ou Ocultação de Bens, Direitos ou Valores Oriundos de Corrupção",X
5876,5873,CP,337-B,2008-09-30 15:52:52,,,,Corrupção Ativa em Transação Comercial Internacional,X
5877,5873,CP,337-C,2008-09-30 15:52:52,,,,Tráfico de Influência em Transação Comercial Internacional,X
3603,287,,,2008-09-30 15:52:52,,,,Crimes Previstos na Legislação Extravagante,X
5893,3603,Lei 5478/68,22,2008-09-30 15:52:52,,,,Crime Contra a Administração da Justiça - Lei da Ação de Alimentos ,X
3655,3603,LC 105/01,Art. 10º,2008-09-30 15:52:52,,,,Crime de Quebra de Sigilo Financeiro,X
3651,3603,Lei 4.947/66,Art. 19 e 20,2008-09-30 15:52:52,,,,Crimes Agrários,X
3605,3603,Lei 1.521/51,art. 2º,2008-09-30 15:52:52,,,,Crimes contra a Economia Popular,X
3615,3603,Lei 8.137/90 e Lei 8.176/91,Art. 4º ao 6 e arts. 1º e 2º,2008-09-30 15:52:52,,,,Crimes contra a Ordem Econômica,X
3614,3603,Lei 8.137,Arts. 1º a 2º,2008-09-30 15:52:52,,,,Crimes contra a Ordem Tributária,X
10985,3603,Lei 8.137/1990,3° e 12,2009-05-28 00:00:00,,,,Crimes contra a Ordem Tributária praticado por Funcionário Público,X
3438,3603,Lei 9.279-96,,2008-09-30 15:52:52,,,,Crimes contra a Propriedade Industrial,X
5881,3438,Lei 9.279/96,Art 191,2008-09-30 15:52:52,,,,"Crimes Cometidos por Meio de Marca, Título de Estabelecimento e Sinal de Propaganda ",X
5880,3438,Lei 9.279/96,Art 189 a 190,2008-09-30 15:52:52,,,,Crimes contra as Marcas,X
5882,3438,Lei 9.279/96,Arts. 192 a 194,2008-09-30 15:52:52,,,,Crimes contra Indicações Geeográficas e Demais Indicações,X
5879,3438,Lei 9.279/96,art 187 a 188,2008-09-30 15:52:52,,,,Crimes contra os Desenhos Industriais,X
5878,3438,Lei 9.279/96,art. 183 a 186,2008-09-30 15:52:52,,,,Crimes contra Patente de Invenção,X
5883,3438,Lei 9.279/96,Art. 195,2008-09-30 15:52:52,,,,Crimes de Concorrência Desleal,X
3611,3603,Lei 7.170/83,Arts. 8º a 29,2008-09-30 15:52:52,2022-07-01 14:29:34,,,"Crimes contra a Segurança Nacional, a Ordem Política e Social",X
3616,3603,Lei 8.137/90 e Lei 8.078/90,Art. 7º e arts.61 a 80,2008-09-30 15:52:52,,,,Crimes contra as Relações de Consumo,X
3629,3603,Lei 9.472/97,Art. 183,2008-09-30 15:52:52,,,,Crimes contra as Telecomunicações,X
3618,3603,Lei 9.605/98,Arts. 29 a 69A,2008-09-30 15:52:52,,,,Crimes contra o Meio Ambiente e o Patrimônio Genético,X
3622,3618,Lei 9.605/1998 e Lei 7.802/1989,56 (Lei 9.605/1998); 15 (Lei 7.802/1989),2008-09-30 15:52:52,,,,Agrotóxicos ,X
3623,3618,Lei 6.453/1977,20 a 27,2008-09-30 15:52:52,,,,Atividades Nucleares ,X
14805,3623,Lei 6.453/1977,23,2021-09-29 00:00:00,,,,Atos Contra a Segurança por Violação de Sigilo,X
14804,3623,Lei 6.453/1977,21 e 26,2021-09-29 00:00:00,,,,Outros Atos que Potencialmente Causam Poluição ou Degradação por Radiação,X
14803,3623,Lei 6.453/1977,"20, 22, 24 e 25",2021-09-29 00:00:00,,,,Tráfico de Material Nuclear,X
3624,3618,Lei 6.453/77,art. 29,2008-09-30 15:52:52,2021-09-29 11:24:23,,,Caça ,X
10516,3618,Lei nº 11.105/2005,Art. 26,2008-09-30 15:52:52,2021-09-29 11:32:59,,,Clonagem Humana - Biossegurança,X
10986,3618,Lei 9.605/1998,66 a 69-A,2009-05-28 00:00:00,,,,Crime contra a administração ambiental,X
14800,10986,Lei 9.605/1998,66 e 67,2021-09-29 00:00:00,,,,Ato ou Omissão Praticado por Funcionário Público em Abuso de Função,X
14801,10986,Lei 9.605/1998,69,2021-09-29 00:00:00,,,,Atos Contrários à Fiscalização e ao Sistema de Aplicação da Lei,X
14802,10986,Lei 9.605/1998,69-A,2021-09-29 00:00:00,,,,Falsidade,X
3619,3618,Lei 9.605/1998 e Lei 7.643/1987,29 a 37 (Lei 9.605/1998); 1º (Lei 7.643/1987),2008-09-30 15:52:52,,,,Crimes contra a Fauna,X
14779,3619,Lei 9.605/1998,"29, caput e § 1º, I e II",2021-09-28 00:00:00,,,,Caça Ilegal e Condutas Equiparadas,X
14780,3619,Lei 9605/1998,"29, §1º, III e 30",2021-09-28 00:00:00,,,,"Comércio, Posse ou Tráfico Proveniente de Caça Ilegal",X
14785,3619,Lei 9605/1998,"Art. 34, parágrafo único, III",2021-09-28 00:00:00,,,,"Comércio, Posse ou Tráfico Proveniente de Pesca Ilegal",X
14783,3619,Lei 9605/1998,"33, caput e parágrafo único, I, II e III",2021-09-28 00:00:00,,,,"Fauna Aquática Afetada por Traslado ou Descarte de Resíduos/Efluentes, ou Poluição ou Degradação da Água",X
14781,3619,Lei 9605/1998,31,2021-09-28 00:00:00,,,,Importação Ilegal de Espécies Proibidas ou Controladas,X
14782,3619,Lei 9605/1998,32,2021-09-28 00:00:00,,,,Maus Tratos,X
14784,3619,Lei 9605,"34, caput e parágrafo único, I e II e 35, I e II",2021-09-28 00:00:00,,,,Pesca Ilegal,X
3620,3618,Lei 9.605/98,Art. 38 a 52,2008-09-30 15:52:52,,,,Crimes contra a Flora,X
14790,3620,Lei 9605/1998,46,2021-09-28 00:00:00,,,,Comércio ou Posse Proveniente de Extração Ilegal de Madeira ,X
14792,3620,Lei 9605/1998,49,2021-09-28 00:00:00,,,,Dano à Propriedade,X
14786,3620,Lei 9605/1998,"38, caput e parágrafo único, 38-A, 40, caput e § 3º, 48, 50,",2021-09-28 00:00:00,,,,Destruição ou Degradação,X
14788,3620,Lei 9605/1998,50-A,2021-09-28 00:00:00,,,,Destruição ou Degradação Mediante Desmatamento ou Exploração Econômica,X
14787,3620,Lei 9605/1998,41 e 42,2021-09-28 00:00:00,,,,Destruição ou Degradação por Incêndio ou Perigo de Incêndio,X
14789,3620,Lei 9605/1998,"39, 45 e 51",2021-09-28 00:00:00,,,,Extração ou Exploração Ilegal de Madeira e Condutas Equiparadas,X
14791,3620,Lei 9605/1998,44,2021-09-28 00:00:00,,,,Mineração Ilegal em Floresta,X
14793,3620,Lei 9605/1998,52,2021-09-28 00:00:00,,,,Outros Atos Contra o Meio Ambiente,X
11780,3618,Lei 9605/98,62 a 65,2010-08-17 00:00:00,2010-08-17 12:10:53,,,Crimes contra o Ordenamento Urbano e o Patrimônio Cultural,X
3626,3618,Lei nº 11.105/2005,Art. 27,2008-09-30 15:52:52,2021-09-29 11:31:50,,,Liberação ou Descarte de OGM (Organismo Geneticamente Modificado) - Biossegurança,X
3627,3618,"Lei nº 5.197/67, Lei nº 7.643/87, Lei 7.679/88, DL 221/67","Lei 5197, art. 27, §3º",2008-09-30 15:52:52,2021-09-29 11:24:16,,,Pesca ,X
3621,3618,Lei 9.605/98,Art. 54 a 61,2008-09-30 15:52:52,2021-09-29 10:48:34,,,Poluição,X
14798,3621,Lei 9.605/1998,60,2021-09-29 00:00:00,,,,"Estabelecimentos, Obras ou Serviços Potencialmente Poluidores",X
14795,3621,Lei 9.605/1998,55,2021-09-29 00:00:00,,,,Mineração Ilegal,X
14799,3621,Lei 9.605/1998,61,2021-09-29 00:00:00,,,,Outros Atos Contra o Meio Ambiente,X
14796,3621,Lei 9.605/1998,"56, caput",2021-09-29 00:00:00,2021-09-29 10:53:08,,,"Posse ou Uso, ou Tráfico de Substância Tóxica ou Perigosa",X
14797,3621,Lei 9.605/1998,"56, § 1º, I e II",2021-09-29 00:00:00,,,,Traslado ou Descarte de Resíduos de Substância Tóxica ou Perigosa,X
14794,3621,Lei 9.605/1998,"54, § 2º, V",2021-09-29 00:00:00,,,,Traslado ou Descarte de Resíduos/Efluentes,X
10515,3618,Lei nº 11.105/2005,Art. 25,2008-09-30 15:52:52,2021-09-29 11:32:12,,,"Prática de engenharia genética em célula germinal, zigoto ou embrião humanos - Biossegurança",X
10514,3618,Lei nº 11.105/2005,Art. 24,2008-09-30 15:52:52,2021-09-29 11:32:32,,,Utilização de Embrião Humano em Desacordo com a Legislação - Biossegurança,X
3638,3603,Lei 4.728/1965 e Lei 6.385/1976,73 e 74 (Lei 4.728/1965); 27-C a 27-E (Lei 6.385/1976),2008-09-30 15:52:52,,,,Crimes contra o mercado de capitais,X
3610,3603,Lei 6.538/78,Arts. 36 a 46,2008-09-30 15:52:52,,,,Crimes contra o Serviço Postal e o Serviço de Telegrama,X
3612,3603,Lei 7.492/86,Arts. 2º a 23,2008-09-30 15:52:52,,,,Crimes contra o Sistema Financeiro Nacional,X
11410,3603,Lei n. 7853/89,8º,2010-01-06 00:00:00,,,,Crimes contra portadores de deficiência,X
3642,3603,Lei 8.666/93,Arts. 89 a 98,2008-09-30 15:52:52,,,,Crimes da Lei de licitações,X
3643,3603,Lei 9.434/97,Arts. 14 a 20,2008-09-30 15:52:52,,,,Crimes da Lei de remoção de órgãos e tecidos,X
3628,3603,Lei 9.613/98,Art. 1º,2008-09-30 15:52:52,,,,"Crimes de ""Lavagem"" ou Ocultação de Bens, Direitos ou Valores",X
15397,3603,Lei 13.869/2019 e Lei 14.321/2022,9º a 38 (Lei 13.869/2019); 2º (Lei 14.321/2022),2024-07-31 09:30:28,,,,Crimes de Abuso de Autoridade (Lei 13.869/2019),X
3606,3603,Lei 4.898/65,arts. 3º e 4º,2008-09-30 15:52:52,2024-07-31 09:45:49,,,Crimes de Abuso de Autoridade (Lei 4.898/1965),X
3640,3603,Lei 2.889/56,Arts. 1º a 3º,2008-09-30 15:52:52,,,,Crimes de genocídio,X
3634,3603,Lei 5.250/67,Arts. 12 a 22,2008-09-30 15:52:52,,,,Crimes de Imprensa,X
15127,3603,Lei 7.716/1989,1º e 3º ao 14,2022-06-13 00:00:00,,,,Crimes de Preconceito,X
15132,15127,Lei 7.716/1989; Ação Direta de Inconstitucionalidade por Omissão (ADO) 26; Mandado de Injunção (MI) 4733,1º e 3º a 14,2022-06-13 00:00:00,2024-03-15 12:13:56,,,Intolerância e/ou Injúria por Identidade ou Expressão de Gênero,X
15131,15127,Lei 7.716/1989; Ação Direta de Inconstitucionalidade por Omissão (ADO) 26; Mandado de Injunção (MI) 4733,1º e 3º a 14,2022-06-13 00:00:00,2024-03-15 12:12:15,,,Intolerância e/ou Injúria por Orientação Sexual,X
15130,15127,Lei 7.716/1989,1º e 3º a 14,2022-06-13 00:00:00,2023-03-31 14:22:00,,,Intolerância e/ou Injúria por Procedência Nacional,X
15128,15127,Lei 7.716/1989,1º e 2º-A ao 14,2022-06-13 00:00:00,2023-03-31 14:18:00,,,"Intolerância e/ou Injúria Racial, de Cor e/ou Etnia",X
15129,15127,Lei 7.716/1989,1º e 3º a 14,2022-06-13 00:00:00,,,,Intolerância Religiosa,X
3604,3603,DL 201/67 e Lei 1.079/50,art. 1º,2008-09-30 15:52:52,,,,Crimes de Responsabilidade,X
3631,3603,Lei 9.455/97,art. 1º,2008-09-30 15:52:52,,,,Crimes de Tortura,X
3607,3603,Lei 11.343/06,,2008-09-30 15:52:52,,,,Crimes de Tráfico Ilícito e Uso Indevido de Drogas,X
5897,3607,Lei 11.343/06,35,2008-09-30 15:52:52,,,,Associação para a Produção e Tráfico e Condutas Afins,X
5899,3607,Lei 11343/06,37,2008-09-30 15:52:52,,,,"Colaboração com Grupo, Organização ou Associação Destinados à Produção ou Tráfico de Drogas ",X
5901,3607,Lei 11343/06,39,2008-09-30 15:52:52,,,,Condução de Embarcação ou Aeronave sob Efeito de Drogas,X
5894,3607,Lei 11.343/06,34,2008-09-30 15:52:52,,,,Fabricação de Objeto Destinado a Produção de Drogas e Condutas Afins ,X
5898,3607,Lei 11414/06,36,2008-09-30 15:52:52,,,,Financiamento ou Custeio de Produção ou Tráfico de Drogas,X
5895,3607,Lei 11343/06,"33, § 2º",2008-09-30 15:52:52,,,,"Indução, Instigação ou Auxílio ao Uso de Drogas",X
5896,3607,Lei 11343/06,"33, § 3º",2008-09-30 15:52:52,,,,Oferecimento de Drogas para Consumo Conjunto,X
5885,3607,Lei 11.343/06,Art 28,2008-09-30 15:52:52,,,,Posse de Drogas para Consumo Pessoal,X
10523,5885,,,2008-09-30 15:52:52,,,,Despenalização / Descriminalização,X
5900,3607,Lei 11343/06,38,2008-09-30 15:52:52,,,,Prescrição Culposa de Drogas,X
3608,3607,Lei 11.343/06,"Art. 33, caput e § 1º",2008-09-30 15:52:52,,,,Tráfico de Drogas e Condutas Afins,X
10987,3607,Lei 11.343/2006,40,2009-05-28 00:00:00,,,,Tráfico Ilícito de Drogas praticado por Funcionário Público,X
3632,3603,Lei 9.503/97,art.302 a 312,2008-09-30 15:52:52,,,,Crimes de Trânsito,X
3656,3603,Lei 4.117/62,"Arts. 56, 70, 72",2008-09-30 15:52:52,,,,Crimes do Código Brasileiro de Telecomunicações,X
3633,3603,Lei 10.826/03,Arts. 12 a 18,2008-09-30 15:52:52,,,,Crimes do Sistema Nacional de Armas,X
3654,3603,Lei 4.737/65,Arts. 289 a 354,2008-09-30 15:52:52,,,,Crimes Eleitorais,X
10826,3654,Código Eleitoral,art. 334,2008-09-30 15:52:52,,,,Aliciamento comercial de eleitores,X
10819,3654,Lei 6091/74,"artigo 11, III",2008-09-30 15:52:52,,,,Aliciamento de eleitores,X
10752,3654,Código Eleitoral,art. 302,2008-09-30 15:52:52,,,,Aliciamento eleitoral,X
10825,3654,Código Eleitoral,art. 301,2008-09-30 15:52:52,,,,Aliciamento violento de eleitores,X
10755,3654,Lei 9504/97,"art. 39, § 5º",2008-09-30 15:52:52,,,,Boca de urna,X
10748,3654,Código Eleitoral,art. 324,2008-09-30 15:52:52,,,,Calúnia,X
10751,3654,Código Eleitoral; Lei 9.504/97,art. 299; art. 41-A,2008-09-30 15:52:52,,,,Captação ilícita de votos ou corrupção eleitoral,X
10824,3654,Código Eleitoral,art. 300,2008-09-30 15:52:52,,,,Coação eleitoral,X
10754,3654,Código Eleitoral,art. 347,2008-09-30 15:52:52,,,,Desobediência à determinações da Justiça Eleitoral,X
10815,3654,Código Eleitoral,art. 296,2008-09-30 15:52:52,,,,Desordem eleitoral,X
10749,3654,Código Eleitoral,art. 325,2008-09-30 15:52:52,,,,Difamação,X
10820,3654,Lei 9504/97,"artigo 33, § 4º",2008-09-30 15:52:52,,,,Divulgação de pesquisa de fraudulenta,X
10816,3654,Código Eleitoral,artigo 348,2008-09-30 15:52:52,,,,Falsificação de documento público para fins eleitorais,X
10753,3654,Código Eleitoral,art. 350,2008-09-30 15:52:52,,,,Falso eleitoral,X
10821,3654,Lei 9504/97,"art. 34, § 2º",2008-09-30 15:52:52,,,,Impedimento à fiscalização das pesquisas,X
10756,3654,Código Eleitoral,art. 290,2008-09-30 15:52:52,,,,Indução à inscrição indevida,X
10750,3654,Código Eleitoral,art. 326,2008-09-30 15:52:52,,,,Injúria,X
10747,3654,Código Eleitoral,art. 289,2008-09-30 15:52:52,,,,Inscrição fraudulenta ,X
10818,3654,Código Eleitoral,art. 354,2008-09-30 15:52:52,,,,Obtenção de documento falso,X
10827,3654,Código Eleitoral,art. 339,2008-09-30 15:52:52,,,,Ocultação de urna,X
10822,3654,Lei 9504/97,"art. 34, § 3º",2008-09-30 15:52:52,,,,Publicação de pesquisa irregular,X
10817,3654,Código Eleitoral,art. 353,2008-09-30 15:52:52,,,,Uso de documento falso,X
10823,3654,Lei 9504/97,art. 40,2008-09-30 15:52:52,,,,Uso de símbolos governamentais em propaganda eleitoral,X
3661,3603,Lei 11.101/05,arts. 168 a 178,2008-09-30 15:52:52,,,,Crimes Falimentares,X
3664,3603,CPM (Lei 1.101/69),arts. 136 a 408,2008-09-30 15:52:52,2023-09-27 17:05:10,,,Crimes Militares,X
10836,3664,CPM (Lei 1.101/69),305,2008-09-30 15:52:52,2023-09-27 17:06:38,,,Concussão,X
10837,3664,CPM (Lei 1.101/69),309,2008-09-30 15:52:52,2023-09-27 17:07:05,,,Corrupção ativa,X
10839,3664,CPM (1.001/69),391,2008-09-30 15:52:52,2023-09-27 17:07:33,,,Deserção,X
10843,3664,CPM (1.001/69),215,2008-09-30 15:52:52,2023-09-27 17:08:02,,,Difamação,X
10833,3664,CPM (1.001/69),251,2008-09-30 15:52:52,2023-09-27 17:08:33,,,Estelionato,X
10840,3664,,,2008-09-30 15:52:52,2023-09-27 17:09:07,,,Homicídio,X
10846,10840,CPM (1.001/69),"205, § 2º",2008-09-30 15:52:52,2023-09-27 17:09:40,,,Homicídio qualificado,X
10845,10840,CPM (1.001/69),"205, § 1º",2008-09-30 15:52:52,2023-09-27 17:10:10,,,Homicídio simples,X
10834,3664,CPM (1.001/69),268,2008-09-30 15:52:52,2023-09-27 17:10:49,,,Incêndio,X
10844,3664,CPM (1.001/69),216,2008-09-30 15:52:52,2023-09-27 17:11:16,,,Injúria,X
10852,3664,CPM (1.001/69),"242, § 3º",2008-09-30 15:52:52,2023-09-27 17:11:42,,,Latrocínio,X
10841,3664,,,2008-09-30 15:52:52,2023-09-27 17:12:15,,,Lesões Corporais,X
10848,10841,CPM (Lei 1.001/69),"209, § 1º",2008-09-30 15:52:52,2023-09-27 17:12:58,,,Grave,X
10842,10841,CPM (Lei 1.001/69),"209, § 6º",2008-09-30 15:52:52,2023-09-27 17:20:52,,,Lesão levíssima,X
10849,10841,CPM (Lei 1.001/69),"209, § 3º",2008-09-30 15:52:52,2023-09-27 17:22:25,,,Lesões qualificadas pelo resultado,X
10847,10841,CPM (Lei 1.001/69),209,2008-09-30 15:52:52,2023-09-27 17:23:26,,,Leve,X
10830,3664,CPM (Lei 1.001/69),149,2008-09-30 15:52:52,2023-09-27 17:23:55,,,Motim,X
10835,3664,CPM (Lei 1.001/69),303,2008-09-30 15:52:52,2023-09-27 17:24:21,,,Peculato,X
10831,3664,CPM (Lei 1.001/69),235,2008-09-30 15:52:52,2023-09-27 17:24:50,,,Pederastia ou outro ato de libidinagem,X
10838,3664,CPM (Lei 1.001/69),319,2008-09-30 15:52:52,2023-09-27 17:25:20,,,Prevaricação,X
10832,3664,,,2008-09-30 15:52:52,2023-09-27 17:25:46,,,Roubo,X
10851,10832,CPM (Lei 1.001/69),"242, § 2º",2008-09-30 15:52:52,2023-09-27 17:26:28,,,Roubo qualificado,X
10850,10832,CPM (Lei 1.001/69),"242, § 1º",2008-09-30 15:52:52,2023-09-27 17:26:58,,,Roubo simples,X
3647,3603,Lei 6.001/73,Art. 58,2008-09-30 15:52:52,,,,Crimes praticados contra os índios e a cultura indígena,X
3630,3603,Lei 6.815/80,Art. 125,2008-09-30 15:52:52,,,,Crimes Previstos na Lei de Estrangeiros,X
14226,3603,"Lei 11,340/2006",,2021-01-26 00:00:00,,,,Crimes Previstos na Lei Maria da Penha,X
14227,14226,Lei 11340/2006,24-A,2021-01-26 00:00:00,,,,Crime de Descumprimento de Medida Protetiva de Urgência,X
3637,3603,ECA,228 a 244-C,2008-09-30 15:52:52,,,,Crimes Previstos no Estatuto da criança e do adolescente,X
15450,3637,ECA,241-D,2024-10-16 15:20:28,,,,"Aliciamento, Assédio, Instigação ou Constrangimento de Criança para a Prática de Ato Libidinoso",X
15448,3637,ECA,241-B,2024-10-16 15:07:56,,,,"Aquisição, Posse ou Armazenamento de Pornografia de Criança ou Adolescente",X
15437,3637,ECA,231,2024-10-16 10:50:56,,,,Ausência de Comunicação Imediata de Apreensão à Autoridade Competente e/ou à Família,X
15435,3637,ECA,229,2024-10-16 10:39:00,,,,Ausência de Identificação Correta de Neonato e Parturiente e de Realização de Exames,X
15439,3637,ECA,234,2024-10-16 10:59:12,,,,Ausência de Liberação Imediata de Adolescente Ilegalmente Apreendido,X
15434,3637,ECA,228,2024-10-16 10:32:36,,,,Ausência de Registro de Atividades ou de Fornecimento de Declaração de Nascimento,X
15455,3637,ECA,244-B,2024-10-16 15:41:36,,,,Corrupção ou Facilitação de Corrupção de Menor de Dezoito Anos,X
15440,3637,ECA,235,2024-10-16 11:03:27,,,,Descumprimento de Prazo em Benefício de Adolescente Privado de Liberdade,X
15447,3637,ECA,241-A,2024-10-16 15:03:27,,,,Divulgação de Material Pornográfico de Criança ou Adolescente,X
15441,3637,ECA,236,2024-10-16 11:07:30,,,,"Impedimento ou Embaraçamento de Ação de Autoridade Judiciária, Conselho Tutelar ou MP (ECA)",X
15436,3637,ECA,230,2024-10-16 10:44:07,,,,Privação de Liberdade de Criança ou Adolescente,X
15445,3637,ECA,240,2024-10-16 14:52:38,,,,"Produção, Reprodução ou Registro de Pornografia de Criança ou Adolescente",X
15444,3637,ECA,239,2024-10-16 14:47:53,,,,Promoção ou Auxílio em Ato Destinado ao Envio de Criança ou Adolescente ao Exterior,X
15454,3637,ECA,244-A,2024-10-16 15:37:24,,,,Prostituição ou Exploração Sexual de Criança ou Adolescente,X
15449,3637,ECA,241-C,2024-10-16 15:15:01,,,,Simulação da Participação de Criança ou Adolescente em Material Pornográfico,X
15442,3637,ECA,237,2024-10-16 11:12:26,,,,Subtração de Criança ou Adolescente com o Fim de Colocação em Lar Substituto,X
15452,3637,ECA,243,2024-10-16 15:29:27,,,,Venda ou Entrega de Bebida Alcóolica ou Outra Droga a Criança ou Adolescente,X
15446,3637,ECA,241,2024-10-16 14:57:54,,,,Venda ou Exposição à Venda de Material Contendo Pornografia com Criança ou Adolescente ,X
15451,3637,ECA,242,2024-10-16 15:25:11,,,,"Venda, Fornecimento ou Entrega de Arma, Munição ou Explosivo a Criança ou Adolescente",X
15453,3637,ECA,244,2024-10-16 15:33:09,,,,"Venda, Fornecimento ou Entrega de Fogos de Artifício ou de Estampido a Criança ou Adolescente",X
15438,3637,ECA,232,2024-10-16 10:55:55,,,,Vexame ou Constrangimento de Criança ou Adolescente,X
3659,3603,Lei 10.741/03,Arts. 96 a 108,2008-09-30 15:52:52,,,,Crimes Previstos no Estatuto do Idoso,X
11895,3603,Lei 10671/2003; 12.299/2010,41-B a 41-G,2012-06-01 00:00:00,2014-06-02 14:32:03,,,Crimes Previstos no Estatuto do Torcedor,X
3653,3603,Lei 1.579/52,Art. 4º,2008-09-30 15:52:52,,,,Crimes relacionados à Comissão Parlamentar de Inquérito,X
3613,3603,Lei 7.716/89,Arts. 2º a 20,2008-09-30 15:52:52,2023-03-31 13:38:59,,,Crimes Resultante de Preconceito de Raça ou de Cor,X
3660,3603,Lei 6.766/79,Arts. 50 a 52,2008-09-30 15:52:52,,,,Parcelamento do solo urbano,X
14697,3603,Lei 7.716/1989,1º e ss,2021-05-28 00:00:00,2022-06-13 14:43:38,,,Racismo,X
3650,3603,Lei 7.347/85,Art. 10,2008-09-30 15:52:52,,,,"Recusa, retardamento ou omissão de dados técnicos indispensáveis à propositura de Ação Civil Pública",X
3617,3603,Lei 8.429-92,Art. 19,2008-09-30 15:52:52,,,,Representação caluniosa,X
3609,3603,Lei nº 6.453/77,,2008-09-30 15:52:52,,,,Responsabilidade Criminal por Danos Nucleares,X
3641,3603,Lei 9.296/96,Art. 10,2008-09-30 15:52:52,,,,Sigilo Telefônico,X
15403,3603,Lei 13.431/2017,24,2024-07-31 11:54:27,,,,Violação de Sigilo Processual (Lei nº 13.431/2017),X
15072,3603,Lei n. 13.869/2019,15-A,2022-06-01 00:00:00,,,,Violência Institucional,X
12333,287,Lei 12.850,1º,2018-06-27 00:00:00,2018-06-27 10:02:12,,,Crimes previstos na Lei da Organização Criminosa,X
12335,12333,Lei 12.850,18 a 21,2018-06-27 00:00:00,,,,Crimes ocorridos na investigação da prova,X
12338,12335,Lei 12.850/2013,20,2018-06-27 00:00:00,,,,Descumprimento de determinação de sigilo,X
12337,12335,Lei 12850/2013,19,2018-06-27 00:00:00,,,,Imputação falsa de prática de infração penal ou revelação inverídica sobre estrutura de organização criminal,X
12339,12335,Lei 12.850/2013,21,2018-06-27 00:00:00,,,,"Recusa ou omissão de dados cadastrais, registros, documentos e informações",X
12336,12335,Lei 12.850,18,2018-06-27 00:00:00,,,,"Revelação de identidade, fotografia ou filmagem do colaborador",X
12334,12333,Lei 12.850/2013,2º,2018-06-27 00:00:00,,,,"Promoção, constituição, financiamento ou integração de Organização Criminosa",X
10952,287,,,2008-09-30 15:52:52,,,,Fato Atípico,X
3385,287,,,2008-09-30 15:52:52,,,,Lesão Corporal,X
5560,3385,CP,"129, § 9º e 11",2008-09-30 15:52:52,,,,Decorrente de Violência Doméstica,X
12194,5560,CP,"129, § 9º e 11",2018-06-22 00:00:00,2018-06-22 12:18:11,,,Contra a Mulher,X
12195,5560,CP,"129, §9º e 11",2018-06-22 00:00:00,,,,Contra pessoas não identificadas como mulher,X
5556,3385,CP,"129, § 1º",2008-09-30 15:52:52,,,,Grave,X
5557,3385,CP,"129, § 2º",2008-09-30 15:52:52,,,,Gravíssima,X
3386,3385,CP,"129, caput",2008-09-30 15:52:52,,,,Leve,X
5558,3385,CP,"129, § 4º",2008-09-30 15:52:52,,,,Privilegiada,X
3387,3385,CP,"129, § 3º",2008-09-30 15:52:52,,,,Seguida de Morte,X
15169,287,Provimento CNJ 135/2022,9º,2022-09-20 15:22:53,,,,Motivação Político Partidária (Provimento CNJ 135/2022),X
10620,287,CP,,2008-09-30 15:52:52,,,,Parte Geral,X
10621,10620,,,2008-09-30 15:52:52,,,,Aplicação da Pena,X
10633,10621,cp,59,2008-09-30 15:52:52,,,,Regime inicial,X
10628,10621,,,2008-09-30 15:52:52,,,,Substituição da Pena,X
10642,10620,CP,91 e 92,2008-09-30 15:52:52,,,,Efeitos da Condenação,X
10643,10642,cp,"92, I",2008-09-30 15:52:52,,,,Perda da Função Pública,X
10644,10642,cp,"45, § 3º",2008-09-30 15:52:52,,,,Perda de Bens e Valores,X
10613,10620,,,2008-09-30 15:52:52,,,,Excludentes,X
10617,10613,CP,24,2008-09-30 15:52:52,,,,Estado de Necessidade,X
10618,10613,CP,"23, III",2008-09-30 15:52:52,,,,Estrito Cumprimento do Dever Legal,X
10619,10613,CP,22,2008-09-30 15:52:52,,,,Inexigibilidade de Conduta Diversa,X
10616,10613,cp,25,2008-09-30 15:52:52,,,,Legítima Defesa,X
10622,10620,,,2008-09-30 15:52:52,,,,Extinção da Punibilidade,X
10625,10622,CF,"5º, XLIII",2008-09-30 15:52:52,,,,Anistia,X
10626,10622,Lei 7.210/1984,"66, II c/c 193",2008-09-30 15:52:52,,,,Indulto,X
10627,10622,8137/91; 9249/95,Art. 34,2008-09-30 15:52:52,,,,Pagamento ou Parcelamento do Crédito Tributário,X
10624,10622,CP,"107, IX",2008-09-30 15:52:52,,,,Perdão,X
10623,10622,CP,107,2008-09-30 15:52:52,,,,Prescrição,X
10634,10620,,,2008-09-30 15:52:52,,,,Suspensão condicional da pena,X
10612,10620,,,2008-09-30 15:52:52,,,,Tipicidade,X
10614,10612,,,2008-09-30 15:52:52,,,,Abolitio Criminis,X
10615,10612,,,2008-09-30 15:52:52,,,,Princípio da Insignificância,X
3388,287,,,2008-09-30 15:52:52,2021-05-28 14:01:47,,,Periclitação da Vida e da Saúde,X
3391,3388,CP,133,2008-09-30 15:52:52,,,,Abandono de incapaz,X
10509,3388,CP,134,2008-09-30 15:52:52,,,,Exposição ou Abandono de Recém Nascido,X
10508,3388,CP,136,2008-09-30 15:52:52,,,,Maus Tratos,X
3392,3388,CP,135,2008-09-30 15:52:52,,,,Omissão de socorro,X
3389,3388,CP,131,2008-09-30 15:52:52,,,,Perigo de contágio de moléstia grave,X
5911,3388,CP,130,2008-09-30 15:52:52,,,,Perigo de Contágio Venéreo,X
3390,3388,CP,132,2008-09-30 15:52:52,,,,Perigo para a vida ou saúde de outrem,X
3393,287,CP,137,2008-09-30 15:52:52,,,,Rixa,X
12217,287,Lei 13.260/2016,"2º, caput",2018-06-25 00:00:00,,,,Terrorismo,X
12218,12217,Lei 13.2060,2º,2018-06-25 00:00:00,,,,Atos de Terrorismo,X
12221,12217,Lei 13.260/2016,6º,2018-06-25 00:00:00,,,,Manutenção ou financiamento do terrorismo,X
12219,12217,Lei 13.260/2016,3º,2018-06-25 00:00:00,,,,Organização Terrorista,X
12220,12217,Lei 13.260/2016,5º,2018-06-25 00:00:00,,,,Preparação de ato terrorista,X
10949,287,11.340/2006,7º,2008-09-30 15:52:52,2020-12-04 17:07:53,,,Violência Doméstica Contra a Mulher,X
11068,,,,,,,,DIREITO PENAL MILITAR,X
11069,11068,CPM,"art. 33, inciso II",2009-08-26 00:00:00,,,,Crime Culposo,X
11070,11068,,,2009-08-26 00:00:00,,,,Crime em tempo de guerra,X
11071,11068,CPM,"30, inciso II",2009-08-26 00:00:00,,,,Crime Tentado,X
11072,11068,,,2009-08-26 00:00:00,,,,Crimes contra a Administração da Justiça Militar,X
11358,11072,CPM,345,2009-08-26 00:00:00,,,,Auto-acusação falsa,X
11359,11072,CPM,342,2009-08-26 00:00:00,,,,Coação,X
11360,11072,CPM,344,2009-08-26 00:00:00,,,,Comunicação falsa de crime,X
11361,11072,CPM,347,2009-08-26 00:00:00,,,,"Corrupção ativa de testemunha, perito ou intérprete",X
11362,11072,CPM,343,2009-08-26 00:00:00,,,,Denunciação caluniosa,X
11363,11072,CPM,341,2009-08-26 00:00:00,,,,Desacato,X
11364,11072,CPM,349,2009-08-26 00:00:00,,,,Desobediência a decisão judicial,X
11365,11072,CPM,354,2009-08-26 00:00:00,,,,Desobediência a decisão sobre perda ou suspensão de atividade ou direito,X
11366,11072,CPM,353,2009-08-26 00:00:00,,,,Exploração de prestígio,X
11367,11072,CPM,346,2009-08-26 00:00:00,,,,Falso testemunho ou falsa perícia,X
11368,11072,CPM,350,2009-08-26 00:00:00,,,,Favorecimento pessoal,X
11369,11072,CPM,351,2009-08-26 00:00:00,,,,Favorecimento real,X
11370,11072,CPM,352,2009-08-26 00:00:00,,,,"Inutilização,sonegação ou descaminho de material probante",X
11371,11072,CPM,348,2009-08-26 00:00:00,,,,Publicidade opressiva,X
11372,11072,CPM,340,2009-08-26 00:00:00,,,,Recusa de função na Justiça Militar,X
11073,11068,,,2009-08-26 00:00:00,,,,Crimes contra a Administração Militar,X
11308,11073,,,2009-08-26 00:00:00,,,,"Concussão, Excesso de Exação e Desvio",X
11355,11308,CPM,305,2009-08-26 00:00:00,,,,Concussão,X
11356,11308,CPM,307,2009-08-26 00:00:00,,,,Desvio,X
11357,11308,CPM,306,2009-08-26 00:00:00,,,,Excesso de exação,X
11309,11073,,,2009-08-26 00:00:00,,,,Corrupção,X
11352,11309,CPM,309,2009-08-26 00:00:00,,,,Corrupção ativa,X
11353,11309,CPM,308,2009-08-26 00:00:00,,,,Corrupção passiva,X
11354,11309,CPM,310,2009-08-26 00:00:00,,,,Participação ilícita,X
11310,11073,,,2009-08-26 00:00:00,,,,Crimes contra o dever funcional,X
11336,11310,CPM,330,2009-08-26 00:00:00,,,,Abandono de cargo,X
11337,11310,CPM,332,2009-08-26 00:00:00,,,,Abuso de confiança ou boa fé,X
11338,11310,CPM,331,2009-08-26 00:00:00,,,,Aplicação ilegal de verba ou dinheiro,X
11339,11310,CPM,322,2009-08-26 00:00:00,,,,Condescendência criminosa,X
11340,11310,CPM,329,2009-08-26 00:00:00,,,,Exercício funcional ilegal,X
11341,11310,CPM,321,2009-08-26 00:00:00,,,,"Extravio, sonegação ou inutilização de livro ou documento",X
11342,11310,CPM,324,2009-08-26 00:00:00,,,,"Inobservancia de lei, regulamento ou instrução",X
11343,11310,CPM,323,2009-08-26 00:00:00,,,,Não inclusão de nome em lista,X
11344,11310,CPM,328,2009-08-26 00:00:00,,,,"Obstáculo à hasta pública, concorrência ou tomada de preços",X
11345,11310,CPM,334,2009-08-26 00:00:00,,,,Patrocínio indébito,X
11346,11310,CPM,319,2009-08-26 00:00:00,,,,Prevaricação,X
11347,11310,CPM,327,2009-08-26 00:00:00,,,,Violação de sigilo de proposta de concorrência,X
11348,11310,CPM,326,2009-08-26 00:00:00,,,,Violação de sigilo funcional,X
11349,11310,CPM,320,2009-08-26 00:00:00,,,,Violação do dever funcional com o fim de lucro,X
11350,11310,CPM,325,2009-08-26 00:00:00,,,,Violação ou divulgação indevida de correspondência ou comunicação,X
11351,11310,CPM,333,2009-08-26 00:00:00,,,,Violência arbitrária,X
11311,11073,,,2009-08-26 00:00:00,,,,Crimes praticados por particular contra a Administração Militar,X
11331,11311,CPM,339,2009-08-26 00:00:00,,,,"Impedimento, perturbação ou fraude de concorrencia",X
11332,11311,CPM,338,2009-08-26 00:00:00,,,,Inutilização de edital ou de sinal oficial,X
11333,11311,CPM,337,2009-08-26 00:00:00,,,,"Subtração ou inutilização de livro, processo ou documento",X
11334,11311,CPM,336,2009-08-26 00:00:00,,,,Tráfico de influência,X
11335,11311,CPM,335,2009-08-26 00:00:00,,,,Usurpação de função,X
11312,11073,,,2009-08-26 00:00:00,,,,Desacato e da Desobediência,X
11326,11312,CPM,300,2009-08-26 00:00:00,,,,Desacato a assemelhado ou funcionário,X
11327,11312,CPM,299,2009-08-26 00:00:00,,,,Desacato a militar,X
11328,11312,CPM,298,2009-08-26 00:00:00,,,,Desacato a superior,X
11329,11312,CPM,301,2009-08-26 00:00:00,,,,Desobediência,X
11330,11312,CPM,302,2009-08-26 00:00:00,,,,Ingresso clandestino,X
11313,11073,,,2009-08-26 00:00:00,,,,Falsidade,X
11318,11313,CPM,314,2009-08-26 00:00:00,,,,Certidão ou atestado ideologicamente falso ,X
11319,11313,CPM,313,2009-08-26 00:00:00,,,,Cheques sem fundos,X
11320,11313,CPM,318,2009-08-26 00:00:00,,,,Falsa identidade,X
11321,11313,CPM,312,2009-08-26 00:00:00,,,,Falsidade ideológica,X
11322,11313,CPM,311,2009-08-26 00:00:00,,,,Falsificação de documento,X
11323,11313,CPM,316,2009-08-26 00:00:00,,,,Supressão de documento,X
11324,11313,CPM,315,2009-08-26 00:00:00,,,,Uso de documento falso,X
11325,11313,CPM,317,2009-08-26 00:00:00,,,,Uso de documento pessoal alheio,X
11314,11073,,,2009-08-26 00:00:00,,,,Peculato,X
11315,11314,CPM,303,2009-08-26 00:00:00,,,,Peculato,X
11316,11314,CPM,304,2009-08-26 00:00:00,,,,Peculato mediante aproveitamento ou erro de outrem,X
11317,11314,CPM,"303,§2º",2009-08-26 00:00:00,,,,Peculato-furto,X
11074,11068,,,2009-08-26 00:00:00,,,,Crimes contra a Autoridade ou Disciplina Militar,X
11268,11074,,,2009-08-26 00:00:00,,,,Aliciação e incitamento,X
11301,11268,CPM,154,2009-08-26 00:00:00,,,,Aliciação para motim ou revolta,X
11302,11268,CPM,156,2009-08-26 00:00:00,,,,Apologia de fato criminoso ou do seu autor,X
11303,11268,CPM,155,2009-08-26 00:00:00,,,,Incitamento,X
11267,11074,,,2009-08-26 00:00:00,,,,Desrespeito a superior e a símbolo nacional ou farda,X
11304,11267,CPM,"162, caput e parágrafo único",2009-08-26 00:00:00,,,,Despojamento desprezível,X
11305,11267,CPM,"160, parágrafo único",2009-08-26 00:00:00,,,,"Desrespeito a comandante, oficial-general ou oficial de serviço",X
11306,11267,CPM,161,2009-08-26 00:00:00,,,,Desrespeito a símbolo nacional,X
11307,11267,CPM,160,2009-08-26 00:00:00,,,,Desrespeito a superior ,X
11269,11074,,,2009-08-26 00:00:00,,,,"Fuga, evasão, arrebatamento e amotinamento de presos",X
11297,11269,CPM,182,2009-08-26 00:00:00,,,,Amotinamento,X
11298,11269,CPM,181,2009-08-26 00:00:00,,,,Arrebatamento de preso ou internado,X
11299,11269,CPM,180,2009-08-26 00:00:00,,,,Evasão de preso ou internado,X
11300,11269,CPM,"178, caput e parágrafos",2009-08-26 00:00:00,,,,Fuga de preso ou internado,X
11270,11074,,,2009-08-26 00:00:00,,,,Insubordinação,X
11293,11270,CPM,164,2009-08-26 00:00:00,,,,Oposição a ordem de sentinela,X
11294,11270,CPM,166,2009-08-26 00:00:00,,,,Publicação ou crítica indevida,X
11295,11270,CPM,163,2009-08-26 00:00:00,,,,Recusa a obediência,X
11296,11270,CPM,165,2009-08-26 00:00:00,,,,Reunião ilícita,X
11271,11074,,,2009-08-26 00:00:00,,,,Motim e Revolta,X
11288,11271,CPM,152,2009-08-26 00:00:00,,,,Conspiração,X
11289,11271,CPM,149,2009-08-26 00:00:00,,,,Motim,X
11290,11271,CPM,151,2009-08-26 00:00:00,,,,Omissão de lealdade militar,X
11291,11271,CPM,150,2009-08-26 00:00:00,,,,Organização de grupo para prática de violência,X
11292,11271,CPM,"149, parágrafo único",2009-08-26 00:00:00,,,,Revolta,X
11272,11074,,,2009-08-26 00:00:00,,,,Resistência,X
11287,11272,CPM,177,2009-08-26 00:00:00,,,,Resistência mediante ameaça ou violência,X
11273,11074,,,2009-08-26 00:00:00,,,,Usurpação e excesso ou abuso de autoridade,X
11277,11273,CPM,173,2009-08-26 00:00:00,,,,Abuso de requisição militar,X
11278,11273,CPM,167,2009-08-26 00:00:00,,,,Assunção de comando sem ordem ou autorização,X
11279,11273,CPM,168,2009-08-26 00:00:00,,,,Conservação ilegal de comando,X
11280,11273,CPM,"176, caput e parágrafo único",2009-08-26 00:00:00,,,,Ofensa aviltante a inferior,X
11281,11273,CPM,"169, caput e parágrafo único",2009-08-26 00:00:00,,,,Operação militar sem ordem superior,X
11282,11273,CPM,170,2009-08-26 00:00:00,,,,Ordem arbitrária de invasão,X
11283,11273,CPM,174,2009-08-26 00:00:00,,,,Rigor excessivo,X
11284,11273,CPM,172,2009-08-26 00:00:00,,,,"Uso indevido de uniforme, distintivo ou insígnia militar por qualquer pessoa",X
11285,11273,CPM,171,2009-08-26 00:00:00,,,,"Uso indevido por militar de uniforme, distintivo ou insígnia",X
11286,11273,CPM,175,2009-08-26 00:00:00,,,,Violência contra inferior,X
11274,11074,,,2009-08-26 00:00:00,,,,Violência contra superior ou militar de serviço,X
11275,11274,CPM,158,2009-08-26 00:00:00,,,,Violência contra militar de serviço,X
11276,11274,CPM,Art. 157,2009-08-26 00:00:00,,,,Violência contra superior,X
11075,11068,,,2009-08-26 00:00:00,,,,Crimes contra a Pessoa,X
11223,11075,,,2009-08-26 00:00:00,,,,Crimes contra a Honra,X
11262,11223,CPM,214,2009-08-26 00:00:00,,,,Calúnia,X
11263,11223,CPM,215,2009-08-26 00:00:00,,,,Difamação,X
11264,11223,CPM,216,2009-08-26 00:00:00,,,,Injúria,X
11265,11223,CPM,217,2009-08-26 00:00:00,,,,Injuria real,X
11266,11223,CPM,219,2009-08-26 00:00:00,,,,Ofensa às forças armadas,X
11224,11075,,,2009-08-26 00:00:00,,,,Crimes contra a Liberdade,X
11253,11224,CPM,223,2009-08-26 00:00:00,,,,Ameaça,X
11254,11224,CPM,222,2009-08-26 00:00:00,2023-09-28 13:24:53,,,Constrangimento ilegal,X
11255,11224,CPM,224,2009-08-26 00:00:00,,,,Desafio para duelo,X
11256,11224,CPM,228,2009-08-26 00:00:00,,,,Divulgação de segredo,X
11257,11224,CPM,225,2009-08-26 00:00:00,,,,Sequestro ou cárcere privado,X
11258,11224,CPM,227,2009-08-26 00:00:00,,,,Violação de correspondência,X
11259,11224,CPM,226,2009-08-26 00:00:00,,,,Violação de domicílio,X
11260,11224,CPM,229,2009-08-26 00:00:00,,,,Violação de recato,X
11261,11224,CPM,230,2009-08-26 00:00:00,,,,Violação de segredo profissional,X
11225,11075,,,2009-08-26 00:00:00,,,,Crimes Sexuais,X
11249,11225,CPM,233,2009-08-26 00:00:00,,,,Atentado violento ao pudor,X
11252,11225,CPM,235,2009-08-26 00:00:00,2018-10-11 16:21:28,,,Ato Libidinoso,X
11250,11225,CPM,234,2009-08-26 00:00:00,,,,Corrupção de menores,X
11251,11225,CPM,232,2009-08-26 00:00:00,,,,Estupro,X
11226,11075,,,2009-08-26 00:00:00,,,,Genocídio,X
11248,11226,CPM,208,2009-08-26 00:00:00,,,,Genocídio,X
11227,11075,,,2009-08-26 00:00:00,,,,Homicídio,X
11243,11227,CPM,205,2009-08-26 00:00:00,,,,Homicídio,X
11245,11227,CPM,"205, § 1º",2009-08-26 00:00:00,2023-02-28 17:13:28,,,Homicídio Privilegiado,X
11244,11227,CPM,"205,§ 2º",2009-08-26 00:00:00,,,,Homicidio qualificado,X
11246,11227,CPM,207,2009-08-26 00:00:00,,,,Provocação direta ou auxílio a suicídio,X
11247,11227,CPM,"207,§ 2º",2009-08-26 00:00:00,,,,Provocação indireta ao suicídio,X
11228,11075,,,2009-08-26 00:00:00,,,,Lesão Corporal e Rixa,X
15428,11228,Código Penal Militar,210,2024-10-15 13:35:06,,,,Lesão Corporal Culposa,X
11237,11228,CPM,"209, § 1º",2009-08-26 00:00:00,,,,Lesão grave,X
11238,11228,CPM,209,2009-08-26 00:00:00,,,,Lesão leve,X
11239,11228,CPM,"209,§ 6º",2009-08-26 00:00:00,,,,Lesão levíssima,X
11240,11228,CPM,"209,§ 4º",2009-08-26 00:00:00,,,,Lesão privilegiada,X
11241,11228,CPM,"209,§ 3º",2009-08-26 00:00:00,,,,Lesão seguida de morte,X
11242,11228,CPM,211,2009-08-26 00:00:00,,,,Participação em rixa,X
11229,11075,,,2009-08-26 00:00:00,,,,Periclitação da Vida ou da Saúde,X
11233,11229,CPM,212,2009-08-26 00:00:00,,,,Abandono de pessoa,X
11234,11229,CPM,"212, §§1º,2º",2009-08-26 00:00:00,,,,Abandono de pessoa seguida de morte ou lesão grave,X
11235,11229,CPM,213,2009-08-26 00:00:00,,,,Maus tratos,X
11236,11229,CPM,"213, §§ 1º e 2º",2009-08-26 00:00:00,,,,Maus tratos seguido de morte ou lesão grave,X
11230,11075,,,2009-08-26 00:00:00,,,,Ultraje Público ao Pudor,X
11231,11230,CPM,238,2009-08-26 00:00:00,,,,Ato obsceno,X
11232,11230,CPM,239,2009-08-26 00:00:00,,,,Escrito ou objeto obsceno,X
11076,11068,,,2009-08-26 00:00:00,,,,Crimes contra a Segurança Externa do País,X
11208,11076,CPM,138,2009-08-26 00:00:00,,,,Atos de jurisdição indevida,X
11209,11076,CPM,143,2009-08-26 00:00:00,,,,"Consecução de notícia, informação ou documento para fim de espionagem",X
11210,11076,CPM,147,2009-08-26 00:00:00,,,,Desenho ou levantamento de plano ou planta de local militar,X
11211,11076,CPM,140,2009-08-26 00:00:00,,,,Entendimento para empenhar o Brasil à neutralidade ou à guerra,X
11212,11076,CPM,144,2009-08-26 00:00:00,,,,Entendimento para gerar conflito ou divergência com o Brasil,X
11213,11076,CPM,"136 ""caput""",2009-08-26 00:00:00,,,,Hostilidade contra país estrangeiro,X
11214,11076,CPM,"136, § 1º",2009-08-26 00:00:00,,,,Hostilidade qualificada pelo resultado,X
11215,11076,CPM,146,2009-08-26 00:00:00,,,,Penetração com o fim de espionagem,X
11216,11076,CPM,137,2009-08-26 00:00:00,,,,Provocação a país estrangeiro,X
11217,11076,CPM,144,2009-08-26 00:00:00,,,,"Revelação de notícia, informação ou documento",X
11218,11076,CPM,144,2009-08-26 00:00:00,,,,"Revelação de notícia, informação ou documento, com o fim de espionagem militar",X
11219,11076,CPM,148,2009-08-26 00:00:00,,,,Sobrevôo em local interdito,X
11220,11076,CPM,142,2009-08-26 00:00:00,,,,Tentativa contra a soberania do Brasil,X
11221,11076,CPM,145,2009-08-26 00:00:00,,,,Turbação de objeto ou documento,X
11222,11076,CPM,139,2009-08-26 00:00:00,,,,Violação de território estrangeiro,X
11077,11068,,,2009-08-26 00:00:00,,,,Crimes contra Incolumidade Pública,X
11178,11077,,,2009-08-26 00:00:00,,,,Contra a Saúde,X
11200,11178,CPM,294,2009-08-26 00:00:00,,,,Corrupção ou poluição de água potável,X
11201,11178,CPM,293,2009-08-26 00:00:00,,,,Envenenamento com perigo extensivo,X
11202,11178,CPM,292,2009-08-26 00:00:00,,,,Epidemia,X
11203,11178,CPM,296,2009-08-26 00:00:00,,,,Fornecimento de substância alterada,X
11204,11178,CPM,295,2009-08-26 00:00:00,,,,Fornecimento de substancia nociva,X
11205,11178,CPM,297,2009-08-26 00:00:00,,,,Omissão de notificação de doença,X
11206,11178,CPM,291,2009-08-26 00:00:00,,,,Receita Ilegal,X
11207,11178,CPM,290,2009-08-26 00:00:00,,,,"Tráfico, posse ou uso de entorpecente ou substância de efeito similar",X
11179,11077,,,2009-08-26 00:00:00,,,,Crimes contra os Meios de Transporte e de Comunicação,X
11194,11179,CPM,286,2009-08-26 00:00:00,,,,Arremesso de projétil,X
11195,11179,CPM,287,2009-08-26 00:00:00,,,,Atentado contra serviço de utilidade militar,X
11196,11179,CPM,283,2009-08-26 00:00:00,,,,Atentado contra transporte,X
11197,11179,CPM,284 e 285,2009-08-26 00:00:00,,,,Atentado contra viatura ou outro meio de transporte,X
11198,11179,CPM,288 e 289,2009-08-26 00:00:00,,,,Interrupção ou perturbação de serviço ou meio de comunicação,X
11199,11179,CPM,282,2009-08-26 00:00:00,,,,Perigo de desastre ferroviário,X
11180,11077,,,2009-08-26 00:00:00,,,,Crimes de Perigo Comum,X
11181,11180,CPM,271,2009-08-26 00:00:00,,,,Abuso de radiação,X
11182,11180,CPM,274,2009-08-26 00:00:00,,,,Desabamento ou desmoronamento,X
11183,11180,CPM,278,2009-08-26 00:00:00,,,,Difusão de epizootia ou praga vegetal,X
11184,11180,CPM,279,2009-08-26 00:00:00,,,,Embriaguez ao volante,X
11185,11180,CPM,270,2009-08-26 00:00:00,,,,Emprego de gás tóxico ou asfixiante,X
11186,11180,CPM,269,2009-08-26 00:00:00,,,,Explosão,X
11187,11180,CPM,276,2009-08-26 00:00:00,,,,Fatos que expõem a perigo aparelhamento militar,X
11188,11180,CPM,Art. 281,2009-08-26 00:00:00,,,,Fuga após acidente de trânsito,X
11189,11180,CPM,268,2009-08-26 00:00:00,,,,Incêndio,X
11190,11180,CPM,272,2009-08-26 00:00:00,,,,Inundação,X
11191,11180,CPM,273,2009-08-26 00:00:00,,,,Perigo de inundação,X
11192,11180,CPM,280,2009-08-26 00:00:00,,,,Perigo resultante de violação de regra de trânsito,X
11193,11180,CPM,275,2009-08-26 00:00:00,,,,"Subtração, ocultação ou inutilização de material de socorro",X
11078,11068,,,2009-08-26 00:00:00,,,,Crimes contra o Patrimônio,X
11144,11078,,,2009-08-26 00:00:00,,,,Apropriação Indébita,X
11175,11144,CPM,"249, parágrafo único",2009-08-26 00:00:00,,,,Apropriação de coisa achada,X
11176,11144,CPM,249,2009-08-26 00:00:00,,,,Apropriação de coisa havida acidentalmente,X
11177,11144,CPM,248,2009-08-26 00:00:00,,,,Apropriação indébita,X
11145,11078,,,2009-08-26 00:00:00,,,,Dano,X
11168,11145,CPM,260,2009-08-26 00:00:00,,,,Dano atenuado,X
11169,11145,CPM,264,2009-08-26 00:00:00,,,,Dano em aparelhos e instalações ,X
11170,11145,CPM,263,2009-08-26 00:00:00,,,,Dano em navio de guerra ou mercante em serviço militar,X
11171,11145,CPM,262,2009-08-26 00:00:00,,,,Dano material ou aparelhamento de guerra,X
11172,11145,CPM,261,2009-08-26 00:00:00,,,,Dano qualificado,X
11174,11145,CPM,265,2009-08-26 00:00:00,,,,"Desaparecimento,consunção ou extravio",X
11146,11078,,,2009-08-26 00:00:00,,,,Estelionato e outras fraudes,X
11166,11146,CPM,252,2009-08-26 00:00:00,,,,Abuso de pessoa,X
11167,11146,CPM,251,2009-08-26 00:00:00,,,,Estelionato,X
11147,11078,,,2009-08-26 00:00:00,,,,Furto,X
11163,11147,CPM,240,2009-08-26 00:00:00,,,,Furto ,X
11164,11147,CPM,241,2009-08-26 00:00:00,,,,Furto de uso,X
11165,11147,CPM,"240, §4º,5º,6º",2009-08-26 00:00:00,,,,Furto qualificado,X
11148,11078,,,2009-08-26 00:00:00,,,,Receptação,X
11162,11148,CPM,254,2009-08-26 00:00:00,,,,Receptação,X
11149,11078,,,2009-08-26 00:00:00,,,,Roubo e Extorsão,X
11155,11149,CPM,245,2009-08-26 00:00:00,,,,Chantagem,X
11156,11149,CPM,243,2009-08-26 00:00:00,,,,Extorsão ,X
11157,11149,CPM,246,2009-08-26 00:00:00,,,,Extorsão indireta,X
11158,11149,CPM,244,2009-08-26 00:00:00,,,,Extorsão mediante sequestro,X
11159,11149,CPM,"242,§ 3º",2009-08-26 00:00:00,,,,Latrocínio,X
11160,11149,CPM,242,2009-08-26 00:00:00,,,,Roubo,X
11161,11149,CPM,244,2009-08-26 00:00:00,,,,Roubo qualificado,X
11150,11078,,,2009-08-26 00:00:00,,,,Usura,X
11154,11150,CPM,267,2009-08-26 00:00:00,,,,Usura pecuniária,X
11151,11078,,,2009-08-26 00:00:00,,,,Usurpação,X
11152,11151,CPM,257,2009-08-26 00:00:00,,,,Alteração de Limites ,X
11153,11151,CPM,258,2009-08-26 00:00:00,,,,"Aposição, supressão ou alteração de marca",X
11079,11068,,,2009-08-26 00:00:00,,,,Crimes contra o Serviço Militar e o Dever Militar,X
11116,11079,,,2009-08-26 00:00:00,,,,Abandono de posto e de outros crimes em serviço,X
11135,11116,CPM,195,2009-08-26 00:00:00,,,,Abandono de posto,X
11136,11116,CPM,196,2009-08-26 00:00:00,,,,Descumprimento de missão,X
11137,11116,CPM,203,2009-08-26 00:00:00,,,,Dormir em serviço,X
11138,11116,CPM,202,2009-08-26 00:00:00,,,,Embriaguez em serviço,X
11139,11116,CPM,198,2009-08-26 00:00:00,,,,Omissão de eficiência da força,X
11140,11116,CPM,199,2009-08-26 00:00:00,,,,Omissão de providências para evitar danos,X
11141,11116,CPM,200,2009-08-26 00:00:00,,,,Omissão de providências para salvar comandados,X
11142,11116,CPM,201,2009-08-26 00:00:00,,,,Omissão de socorro,X
11143,11116,CPM,197,2009-08-26 00:00:00,,,,Retenção indevida,X
11117,11079,,,2009-08-26 00:00:00,,,,Deserção,X
11126,11117,CPM,191,2009-08-26 00:00:00,,,,Concerto para deserção,X
11127,11117,CPM,187,2009-08-26 00:00:00,,,,Deserção,X
11128,11117,CPM,188,2009-08-26 00:00:00,,,,Deserção - casos assimilados,X
11129,11117,CPM,190,2009-08-26 00:00:00,,,,Deserção especial,X
11130,11117,CPM,192,2009-08-26 00:00:00,,,,Deserção por evasão ou fuga,X
11131,11117,CPM,"189, inciso I",2009-08-26 00:00:00,,,,Deserção privilegiada,X
11132,11117,CPM,"189, inciso II",2009-08-26 00:00:00,,,,Deserção qualificada,X
11133,11117,CPM,193,2009-08-26 00:00:00,,,,Favorecimento a desertor,X
11134,11117,CPM,194,2009-08-26 00:00:00,,,,Omissão de Oficial,X
11118,11079,,,2009-08-26 00:00:00,,,,Exercício de comércio,X
11125,11118,CPM,204,2009-08-26 00:00:00,,,,Exercício de comércio por oficial,X
11119,11079,,,2009-08-26 00:00:00,,,,Insubmissão,X
11120,11119,CPM,184,2009-08-26 00:00:00,,,,Criação ou simulação de incapacidade física,X
11121,11119,CPM,186,2009-08-26 00:00:00,,,,Favorecimento a convocado,X
11122,11119,CPM,183,2009-08-26 00:00:00,,,,Insubmissão,X
11123,11119,CPM,"183,§ 2º",2009-08-26 00:00:00,,,,Insubmissão privilegiada,X
11124,11119,CPM,185,2009-08-26 00:00:00,,,,Substituição de convocado,X
11080,11068,,,2009-08-26 00:00:00,,,,Parte Geral ,X
11081,11080,,,2009-08-26 00:00:00,,,,Aplicação da Pena,X
11114,11081,CPM,59,2009-08-26 00:00:00,,,,Conversão da Pena,X
11115,11081,CPM,113,2009-08-26 00:00:00,,,,Substituição da Pena,X
11082,11080,,,2009-08-26 00:00:00,,,,Efeitos da Condenação,X
11112,11082,CPM,"109,II",2009-08-26 00:00:00,,,,Perda em favor da Fazenda Pública,X
11113,11082,CPM,"109, I",2009-08-26 00:00:00,,,,Reparação do Dano,X
11083,11080,,,2009-08-26 00:00:00,,,,Excludentes,X
11106,11083,CPM,"42, I",2009-08-26 00:00:00,,,,Estado de Necessidade,X
11107,11083,CPM,39,2009-08-26 00:00:00,,,,Estado de Necessidade exculpante,X
11108,11083,CPM,"42, inciso III",2009-08-26 00:00:00,,,,Estrito Cumprimento do Dever Legal,X
11109,11083,CPM,"42, inciso IV",2009-08-26 00:00:00,,,,Exercício Regular do Direito,X
11110,11083,CPM,38,2009-08-26 00:00:00,,,,Inexigibilidade de Conduta Diversa,X
11111,11083,CPM,"42,inciso II",2009-08-26 00:00:00,,,,Legítima Defesa,X
11084,11080,,,2009-08-26 00:00:00,,,,Extinção da punibilidade,X
11100,11084,CPM,"123, inciso II",2009-08-26 00:00:00,,,,Anistia,X
11101,11084,CPM,"123, inciso II",2009-08-26 00:00:00,,,,Indulto,X
11102,11084,CPM,"123, inciso I",2009-08-26 00:00:00,,,,Morte do Agente,X
11103,11084,CPM,"123, inciso IV",2009-08-26 00:00:00,,,,Prescrição,X
11104,11084,CPM,"123, inciso V",2009-08-26 00:00:00,,,,Reabilitação,X
11105,11084,CPM,"123, inciso VI",2009-08-26 00:00:00,,,,Ressarcimento do Dano,X
11085,11080,CPM,89,2009-08-26 00:00:00,,,,Livramento Condicional,X
11086,11080,,,2009-08-26 00:00:00,,,,Penas Acessórias,X
11091,11086,CPM,102,2009-08-26 00:00:00,,,,Exclusão das Forças Armadas,X
11092,11086,CPM,104,2009-08-26 00:00:00,,,,Inabilitação para o exercício de Função Pública,X
11095,11086,CPM,103,2009-08-26 00:00:00,,,,Perda da Função Pública,X
11098,11086,CPM,"98, inciso VII",2009-08-26 00:00:00,,,,"Suspensão do pátrio poder, tutela ou curatela",X
11099,11086,CPM,106,2009-08-26 00:00:00,,,,Suspensão dos direitos políticos,X
11087,11080,CPM,84,2009-08-26 00:00:00,,,,Suspensão Condicional da Pena,X
11088,11080,,,2009-08-26 00:00:00,,,,Tipicidade,X
11089,11088,CPM,"123, inciso III",2009-08-26 00:00:00,,,,Abolitio criminis,X
11090,11088,CPM,,2009-08-26 00:00:00,,,,Princípio da Insignificância,X
8826,,,,,,,,DIREITO PROCESSUAL CIVIL E DO TRABALHO,X
8842,8826,,,2008-09-30 15:52:52,,,,Partes e Procuradores,X
8843,8842,CPC,98 a 102,2008-09-30 15:52:52,,,,Assistência Judiciária Gratuita,X
9493,8842,CPC,70 a 76,2008-09-30 15:52:52,,,,Capacidade Processual,X
9258,8842,CPC,95,2008-09-30 15:52:52,,,,Honorários Periciais,X
8859,8842,CPC,119 a 138,2008-09-30 15:52:52,,,,Intervenção de Terceiros ,X
13091,8859,,,2020-11-04 00:00:00,,,,Chamamento ao Processo ,X
13135,8859,,,2020-11-04 00:00:00,,,,Denunciação da Lide ,X
13234,8859,,,2020-11-04 00:00:00,,,,Nomeação à Autoria ,X
13239,8859,,,2020-11-04 00:00:00,,,,Oposição ,X
8865,8842,CPC,79 a 81,2008-09-30 15:52:52,,,,Litigância de Má-Fé,X
8868,8842,CPC,104 e 105,2008-09-30 15:52:52,2018-11-19 16:02:07,,,Procuração ,X
13068,8868,,,2020-11-04 00:00:00,,,,Assinatura Eletrônica / Digital ,X
13307,8868,,,2020-11-04 00:00:00,,,,Tácito ,X
8873,8842,CPC,75,2008-09-30 15:52:52,,,,Representação em Juízo,X
8874,8842,,,2008-09-30 15:52:52,,,,Sucumbência ,X
10655,8874,CPC,"85, §§ 1º, 2º, 6º e 8º a 19; 86; 87 e 90 a 92",2008-09-30 15:52:52,,,,Honorários Advocatícios,X
13385,10655,,,2020-11-04 00:00:00,,,,Contratuais ,X
13537,10655,,,2020-11-04 00:00:00,,,,Sucumbenciais ,X
13541,10655,,,2020-11-04 00:00:00,,,,Suspensão da Cobrança - Devedor Beneficiário de Assistência Judiciária Gratuita ,X
13185,8874,,,2020-11-04 00:00:00,,,,Honorários Periciais ,X
8893,8826,,,2008-09-30 15:52:52,,,,Atos Processuais,X
8928,8893,CPC,218 a 235,2008-09-30 15:52:52,,,,Prazo,X
10938,8893,CPC,238 a 259,2008-09-30 15:52:52,,,,Citação,X
10939,8893,CPC,269 a 275,2008-09-30 15:52:52,,,,Intimação / Notificação,X
8919,8893,CPC,276 a 283,2008-09-30 15:52:52,,,,Nulidade,X
12401,8919,CPC,"11, caput",2018-11-20 00:00:00,,,,Nulidade - Ausência de Fundamentação de Decisão,X
12405,8919,CPC,"272, §§ 2º e 5º",2018-11-20 00:00:00,,,,Nulidade - Ausência de Identificação de Advogado ou de Sociedade de Advogados,X
12406,8919,CPC,279,2018-11-20 00:00:00,,,,Nulidade - Ausência de Intimação do Ministério Público,X
12404,8919,CPC,"272, § 2º",2018-11-20 00:00:00,,,,Nulidade - Ausência de Nome das Partes,X
12400,8919,CPC,"11, caput",2018-11-20 00:00:00,,,,Nulidade - Ausência de publicidade de decisão,X
12407,8919,CPC,280,2018-11-20 00:00:00,,,,Nulidade - Citação Sem Observância das Prescrições Legais,X
12402,8919,CPC,"146, § 7º",2018-11-20 00:00:00,,,,Nulidade - Impedimento,X
12408,8919,CPC,280,2018-11-20 00:00:00,2018-11-20 13:10:10,,,Nulidade - Intimação Sem Observância das Prescrições Legais,X
12410,8919,CPC,280,2018-11-20 00:00:00,,,,Nulidade - Intimação Sem Observância das Prescrições Legais,X
12403,8919,CPC,"146, § 7º",2018-11-20 00:00:00,,,,Nulidade - Suspeição,X
8828,8826,,,2008-09-30 15:52:52,,,,Jurisdição e Competência,X
8829,8828,CPC,Arts. 86 a 124,2008-09-30 15:52:52,,,,Competência ,X
11047,8829,Constituição Federal,124,2009-08-25 00:00:00,,,,Competência da Justiça Militar da União,X
9148,8826,,,2008-09-30 15:52:52,,,,Liquidação / Cumprimento / Execução,X
10672,9148,,,2008-09-30 15:52:52,,,,Precatório,X
10680,10672,Constituição Federal,"100, § 8º",2008-09-30 15:52:52,,,,Crédito Complementar,X
10679,10672,Constituição Federal,"100, §§ 2º e 8º",2008-09-30 15:52:52,,,,Fracionamento,X
8875,8826,CPC,176 a 181,2008-09-30 15:52:52,,,,Ministério Público,X
11781,8826,,,2010-09-17 00:00:00,2022-03-23 15:01:16,,,Objetos de cartas precatórias cíveis/de ordem,X
11786,11781,CPC,"914, § 2º; 915, §§ 2º e 4º",2010-09-17 00:00:00,,,,Atos executórios,X
11783,11781,CPC,232,2010-09-17 00:00:00,,,,Citação,X
11785,11781,CPC,261,2010-09-17 00:00:00,,,,Diligências,X
11782,11781,CPC,232,2010-09-17 00:00:00,,,,Intimação,X
11784,11781,CPC,"453, II",2010-09-17 00:00:00,,,,Oitiva,X
8883,8826,,,2008-09-30 15:52:52,,,,Órgãos Judiciários e Auxiliares da Justiça,X
8884,8883,,,2008-09-30 15:52:52,,,,Do Juiz,X
10660,8884,CPC,144,2008-09-30 15:52:52,,,,Impedimento,X
12415,8884,CPC,139 a 143,2018-11-23 00:00:00,,,,"Poderes, Deveres e Responsabilidades do Juiz",X
10659,8884,CPC,145,2008-09-30 15:52:52,,,,Suspeição,X
8888,8883,CPC,149 a 175,2008-09-30 15:52:52,,,,Dos Auxiliares da Justiça,X
8960,8826,,,2008-09-30 15:52:52,,,,Processo e Procedimento,X
8986,8960,CPC,283,2008-09-30 15:52:52,,,,Erro de Procedimento,X
8990,8960,,,2008-09-30 15:52:52,,,,Provas,X
10940,8990,CPC,385 a 388 e 442 a 463,2008-09-30 15:52:52,2011-02-01 11:30:20,,,Depoimento,X
12419,8990,CPC,369 a 384; 389 a 441 e 463 a 484,2018-11-23 00:00:00,,,,Provas em geral,X
9024,8960,CPC,344 a 346,2008-09-30 15:52:52,,,,Revelia ,X
9045,8826,,,2008-09-30 15:52:52,2009-05-29 12:07:39,,,Recurso,X
9098,9045,"Constituição Federal, CPC, CPP, CLT, Código Eleitoral, CPPM e Lei n. 9.099/1995","102, II e III; 105, II e III (CF); 994; 1.009; 1.015; 1.021, caput; 1.022; 1.027; 1.030, I, III, V e §§ 1º e 2º; 1.035, caput e §§ 1º a 3º, 6º e 7º; 1.036, §§ 2º e 3º; 1.037, §§ 9º e 13; 1.042, caput ; 1.043 (CPC); 581; 593 , I a III; 619; 639 (CPP)",2008-09-30 15:52:52,,,,Cabimento,X
9047,9045,"CPC, CPP, CLT, Código Eleitoral, CPPM, Lei n. 9.099/1955","987, caput e § 1º; 1.012; 1.019, I; 1.026, caput; 1.029, § 5º (CPC); 584, caput; 597; 598, caput; 637; 646 (CPP); 893, § 2º; 896, § 1º ; 899, caput (CLT); 257, caput e § 2º (Código Eleitoral); 65, § 2º, 106, §§1º e 2º;194,par. único e outros (CPPM)",2008-09-30 15:52:52,,,,Efeitos,X
9060,9045,CPC,Arts. 506 a 508,2008-09-30 15:52:52,2018-11-27 16:40:47,,,Prazo,X
10668,9060,CPC e Lei n. 9.800/1999,"1.017, § 2º, IV e § 4º (CPC); 2º, caput (Lei n. 9.800/1999)",2008-09-30 15:52:52,,,,Fac-símile,X
10669,9060,CPC,"1.017, § 2º, II",2008-09-30 15:52:52,,,,Protocolo Integrado / Descentralizado,X
12420,9060,"CPC, Lei n. 9.099/1995, CPP, CLT, Código Eleitoral e CPPM","1.003;1.023,caput;1.026,caput;1.044,§1º(CPC);42,caput;49,50,82,§1º;83,§§1ºe2º(L.9.099/1995);575;586;593,caput;598;619;640(CPP);894,capute§4º;895,caput;896,§12;897,caput;897-A,capute§3º(CLT);258;259;275,§1º;276,caput;279,caput;281,caput;282(C.Eleit.)",2018-11-27 00:00:00,,,,Tempestividade,X
9050,9045,"CPC, Lei n. 9.289/1996, CPP, CLT, Código Eleitoral, CPPM, Lei n. 9.099/1995","99, §§ 5º e 7º; 1.007; 1.023, caput (CPC); 14, II (Lei 9.289/1996); 806, § 2º (CPP); 896, § 14; 899 (CLT); 275, § 2º (Código Eleitoral); 712 (CPPM); 42; 54, parágrafo único (Lei n. 9.099/1995)",2008-09-30 15:52:52,2020-11-19 13:44:47,,,Preparo/Deserção,X
10666,9045,CPC,"997, caput",2008-09-30 15:52:52,,,,Regularidade Formal,X
10738,9045,CPPM,528,2008-09-30 15:52:52,,,,Sobrestamento,X
1209,,,,,,,,DIREITO PROCESSUAL PENAL,X
4263,1209,,,2008-09-30 15:52:52,,,,Ação Penal,X
10902,4263,CPP; CPPM,"401, § 1.º; 390, 453",2008-09-30 15:52:52,,,,Excesso de prazo para instrução / julgamento,X
10925,4263,,,2008-09-30 15:52:52,,,,Provas,X
14238,10925,"Lei 13,431/2017",11,2021-01-28 00:00:00,,,,Produção Antecipada de Provas,X
4271,4263,,,2008-09-30 15:52:52,,,,Suspensão,X
10691,4271,CPP; CPPM,92 e 93; 122 e ss.,2008-09-30 15:52:52,,,,Questão Prejudicial,X
15056,1209,CPP,"28-A, § 6º",2022-06-01 00:00:00,,,,Acordo de Não Persecução Penal,X
7942,1209,,,2008-09-30 15:52:52,2020-06-05 14:48:55,,,Execução Penal e de Medidas Alternativas,X
12730,7942,CPP,"28-A, § 6º",2020-06-05 00:00:00,2022-06-01 15:36:27,,,Acordo de Não Persecução Penal,X
7790,7942,,,2008-09-30 15:52:52,,,,Pena Restritiva de Direitos,X
7789,7790,cp,Art 43,2008-09-30 15:52:52,,,,Limitação de Fim de Semana,X
7787,7790,cp,43,2008-09-30 15:52:52,,,,Prestação de Serviços à Comunidade,X
7785,7790,cp,43,2008-09-30 15:52:52,,,,Prestação Pecuniária,X
12732,7942,Lei 9.099,89,2020-06-05 00:00:00,,,,Suspensão Condicional de Processo,X
12731,7942,"Lei 9,099/1995",76,2020-06-05 00:00:00,,,,Transação Penal,X
7945,1209,CPP; CPPM,"581, XVIII; 163",2008-09-30 15:52:52,,,,Falsidade,X
10604,1209,,,2008-09-30 15:52:52,,,,Investigação Penal,X
14875,10604,Lei nº 12.850/2013; Decreto nº 5.015/2004,8º (Lei 12.850/2013); 20 (Decreto 5.015/20040,2021-09-29 00:00:00,,,,Ação Controlada,X
12640,10604,,,2020-06-03 00:00:00,,,,Arquivamento de Procedimento Investigatório Criminal - PIC-MP,X
14876,10604,Lei 12.850/2013,"3, II",2021-09-29 00:00:00,,,,"Captação Ambiental de Sinais Eletromagnéticos, Ópticos e Acústicos",X
10606,10604,,,2008-09-30 15:52:52,,,,Cerceamento de Defesa,X
14877,10604,Lei nº 12.850/2013; Decreto nº 5.015/2004; Lei n.º 9.807/1999; Lei n.º 11.343/2006,4º,2021-09-29 00:00:00,,,,Colaboração Premiada,X
10605,10604,CPP,24,2008-09-30 15:52:52,,,,Competência do MP,X
14878,10604,Lei 12.850/2013,"3, VIII",2021-09-29 00:00:00,,,,Cooperação entre Instituições e Órgãos Públicos na Busca de Provas/Informações,X
14879,10604,Lei 12.850/2013,"3, VII",2021-09-29 00:00:00,,,,Infiltração de Agentes,X
14124,10604,Lei 9.296/1996 e Resolução CNJ 328/2020,"1º, parágrafo único (Lei 9.296/1996); 1º (Resolução CNJ 328/2020)",2021-01-18 00:00:00,,,,Quebra de Sigilo Telemático,X
10607,10604,CF; LC 105/2001,"5.º, XII",2008-09-30 15:52:52,,,,Quebra do Sigilo Bancário,X
10608,10604,CF,"5.º, X e XII",2008-09-30 15:52:52,,,,Quebra do Sigilo Fiscal,X
10609,10604,Lei 9.296/96,1º,2008-09-30 15:52:52,,,,Quebra do Sigilo Telefônico,X
10610,10604,,,2008-09-30 15:52:52,,,,Trancamento,X
7928,1209,CPP; CPPM,310; 270,2008-09-30 15:52:52,2009-08-14 10:36:01,,,Liberdade Provisória,X
10912,1209,,,2008-09-30 15:52:52,,,,Medidas Assecuratórias,X
10914,10912,CPP; CPPM,240; 170,2008-09-30 15:52:52,,,,Busca e Apreensão de Bens,X
10913,10912,CPP; CPPM,125; 199 e ss,2008-09-30 15:52:52,,,,Indisponibilidade / Seqüestro de Bens,X
15033,1209,DL 3.689/1941 (CPP),"174, 177, 222, 289, 353, 473",2022-03-23 00:00:00,,,,Objetos de Cartas Precatórias Criminais,X
15037,15033,DL 3689/1941 - CPP,,2022-03-23 00:00:00,,,,Alvará de Soltura,X
15040,15033,DL 3689 - CPP,,2022-03-23 00:00:00,,,,Busca e Apreensão,X
15034,15033,DL 3689/1941 - CPP,385,2022-03-23 00:00:00,,,,Citação,X
15044,15033,DL 3689/1941 - CPP,,2022-03-23 00:00:00,,,,Comunicação de Prisão - BNMP,X
15036,15033,DL 3689/1941 - CPP,174,2022-03-23 00:00:00,,,,Diligências,X
15042,15033,DL 3689/1941 - CPP,,2022-03-23 00:00:00,,,,Interrogatório,X
15035,15033,DL 3689/1941 - CPP,,2022-03-23 00:00:00,,,,Intimação,X
15041,15033,DL 3689/1941 - CPP,222 e 473,2022-03-23 00:00:00,,,,Oitiva,X
15043,15033,DL 3689/1941 - CPP,289,2022-03-23 00:00:00,,,,Prisão Domiciliar,X
15038,15033,DL 3689/1941 - CPP,289,2022-03-23 00:00:00,,,,Prisão Preventiva,X
15039,15033,DL 3689/1941 - CPP,289,2022-03-23 00:00:00,,,,Prisão Temporária,X
10904,1209,Lei 5.256,,2008-09-30 15:52:52,,,,Prisão Domiciliar / Especial,X
7929,1209,CPP; CPPM,301; 243,2008-09-30 15:52:52,,,,Prisão em flagrante,X
4355,1209,CPP; CPPM,311; 254,2008-09-30 15:52:52,,,,Prisão Preventiva,X
14880,1209,,,2021-09-29 00:00:00,,,,Questões Incidentes,X
14881,14880,CPP,118 e ss,2021-09-29 00:00:00,2021-09-30 17:24:00,,,Destinação de Bens e Mercadorias/Coisas Apreendidas,X
14959,14881,CPP,"120, § 5º e 133",2021-09-30 00:00:00,,,,Avaliação e Venda em Leilão Público,X
14958,14881,CPP,124 e 124-A,2021-09-30 00:00:00,,,,Destruição ou Destinação das Coisas Apreendidas,X
14960,14881,Lei 10.826/2003,"25, caput e §§",2021-09-30 00:00:00,,,,Encaminhamento ao Comando do Exército,X
14957,14881,CPP,"120, caput e § 2º",2021-09-30 00:00:00,,,,Restituição de Coisas Apreendidas,X
14882,14880,Res. CNJ nº 154; Res. CJF nº 295/14,Art. 32 c/c art. 60 e seguintes,2021-09-29 00:00:00,,,,Destinação de Recursos Decorrentes da Pena de Prestação Pecuniária,X
11049,,,,,,,,DIREITO PROCESSUAL PENAL MILITAR,X
11051,11049,,,2009-08-25 00:00:00,,,,Correição Parcial,X
11065,11051,CPPM,498,2009-08-25 00:00:00,,,,Requerimento da Parte,X
11052,11049,,,2009-08-25 00:00:00,,,,Execução Penal,X
11057,11052,,,2009-08-25 00:00:00,,,,Penas restritivas de direitos,X
11058,11057,CPM,"110, 115",2009-08-25 00:00:00,,,,Cassação de licença para direção de veículo motorizado,X
11059,11057,CPM,"110, 119",2009-08-25 00:00:00,,,,Confisco,X
11060,11057,CPM,"110, 116",2009-08-25 00:00:00,,,,Exílio local,X
11061,11057,CPM,"110, 118",2009-08-25 00:00:00,,,,Interdição de estabecimento ou associação,X
11062,11057,CPM,"110, 117",2009-08-25 00:00:00,,,,Proibição de frequentar determinados locais,X
11063,11057,CPM,55,2009-08-25 00:00:00,,,,"Suspensão do exercício do posto, graduação, cargo ou função",X
11054,11049,CPPM,263,2009-08-25 00:00:00,,,,Menagem,X
12467,,Portaria Conjunta CNJ e CNMP nº 1/2019,"2º, I a V",,,,,"QUESTÕES DE ALTA COMPLEXIDADE, GRANDE IMPACTO E REPERCUSSÃO",X
12612,12467,Portaria Conjunta CNJ e CNMP nº 1/2019,"2º, I a V",2020-03-18 00:00:00,,,,COVID-19,X
15365,12467,"Decreto Legislativo 36/2024, de 7/5/2024 e Portaria Conjunta CNJ e CNMP nº 1/2019","1° (DL 36/2024); 2º, I a V (Portaria 1/2019)",2024-05-09 14:19:38,,,,Enchentes no Rio Grande do Sul em 2024,X
14679,12467,Portaria Conjunta CNJ e CNMP nº 1/2019,2º,2021-05-18 00:00:00,2022-06-10 16:17:03,,,Explosão da Fábrica de Fogos de Santo Antônio de Jesus/BA,X
12620,12467,Portaria Conjunta CNJ e CNMP nº 1/2019,,2020-03-26 00:00:00,,,,Migrantes e Refugiados,X
14125,12467,Lei 13.709/2018,1º,2021-01-18 00:00:00,2021-01-20 09:15:45,,,Proteção de Dados Pessoais (LGPD),X
